ID операции;Дата;ID машины;ID дилера;Количество;Тип операции
1;2018-01-01;32;Д5;51;Поступило дилеру
2;2018-01-02;43;Д9;45;Поступило дилеру
3;2018-01-03;41;Д15;42;Отдано покупателю
4;2018-01-04;59;Д9;44;Поступило дилеру
5;2018-01-05;39;Д16;24;Отдано покупателю
6;2018-01-06;39;Д6;51;Поступило дилеру
7;2018-01-07;33;Д5;21;Отдано покупателю
8;2018-01-08;1;Д15;52;Поступило дилеру
9;2018-01-09;6;Д5;27;Поступило дилеру
10;2018-01-10;9;Д15;20;Поступило дилеру
11;2018-01-11;39;Д1;41;Отдано покупателю
12;2018-01-12;49;Д2;10;Отдано покупателю
13;2018-01-13;57;Д1;36;Отдано покупателю
14;2018-01-14;4;Д4;34;Отдано покупателю
15;2018-01-15;60;Д10;12;Поступило дилеру
16;2018-01-16;43;Д10;14;Отдано покупателю
17;2018-01-17;46;Д11;15;Отдано покупателю
18;2018-01-18;55;Д15;39;Поступило дилеру
19;2018-01-19;24;Д4;46;Поступило дилеру
20;2018-01-20;27;Д3;7;Поступило дилеру
21;2018-01-21;26;Д11;43;Отдано покупателю
22;2018-01-22;45;Д12;28;Поступило дилеру
23;2018-01-23;58;Д10;5;Поступило дилеру
24;2018-01-24;21;Д9;25;Отдано покупателю
25;2018-01-25;61;Д6;48;Отдано покупателю
26;2018-01-26;51;Д13;52;Отдано покупателю
27;2018-01-27;21;Д1;48;Поступило дилеру
28;2018-01-28;53;Д5;50;Поступило дилеру
29;2018-01-29;19;Д8;30;Отдано покупателю
30;2018-01-30;16;Д14;20;Поступило дилеру
31;2018-01-31;37;Д15;52;Поступило дилеру
32;2018-02-01;15;Д11;22;Поступило дилеру
33;2018-02-02;22;Д8;50;Поступило дилеру
34;2018-02-03;43;Д1;21;Поступило дилеру
35;2018-02-04;15;Д11;22;Поступило дилеру
36;2018-02-05;39;Д12;34;Отдано покупателю
37;2018-02-06;1;Д3;4;Поступило дилеру
38;2018-02-07;39;Д4;16;Поступило дилеру
39;2018-02-08;4;Д1;9;Поступило дилеру
40;2018-02-09;8;Д3;10;Поступило дилеру
41;2018-02-10;55;Д8;2;Поступило дилеру
42;2018-02-11;11;Д16;27;Отдано покупателю
43;2018-02-12;34;Д12;4;Поступило дилеру
44;2018-02-13;45;Д11;18;Отдано покупателю
45;2018-02-14;31;Д2;18;Поступило дилеру
46;2018-02-15;8;Д1;16;Поступило дилеру
47;2018-02-16;11;Д8;15;Поступило дилеру
48;2018-02-17;36;Д4;26;Поступило дилеру
49;2018-02-18;21;Д7;8;Отдано покупателю
50;2018-02-19;31;Д8;50;Поступило дилеру
51;2018-02-20;44;Д11;23;Поступило дилеру
52;2018-02-21;47;Д15;43;Отдано покупателю
53;2018-02-22;44;Д4;54;Поступило дилеру
54;2018-02-23;15;Д15;57;Поступило дилеру
55;2018-02-24;31;Д14;12;Отдано покупателю
56;2018-02-25;62;Д2;17;Поступило дилеру
57;2018-02-26;37;Д8;42;Поступило дилеру
58;2018-02-27;55;Д10;19;Поступило дилеру
59;2018-02-28;57;Д14;19;Поступило дилеру
60;2018-03-01;21;Д15;23;Поступило дилеру
61;2018-03-02;55;Д4;60;Отдано покупателю
62;2018-03-03;10;Д8;24;Поступило дилеру
63;2018-03-04;56;Д5;36;Отдано покупателю
64;2018-03-05;5;Д1;27;Отдано покупателю
65;2018-03-06;45;Д12;31;Поступило дилеру
66;2018-03-07;25;Д12;10;Поступило дилеру
67;2018-03-08;43;Д9;19;Отдано покупателю
68;2018-03-09;32;Д1;28;Поступило дилеру
69;2018-03-10;12;Д13;7;Отдано покупателю
70;2018-03-11;63;Д4;37;Поступило дилеру
71;2018-03-12;43;Д6;5;Поступило дилеру
72;2018-03-13;10;Д9;57;Отдано покупателю
73;2018-03-14;17;Д5;1;Отдано покупателю
74;2018-03-15;26;Д5;37;Отдано покупателю
75;2018-03-16;47;Д10;17;Отдано покупателю
76;2018-03-17;64;Д5;33;Отдано покупателю
77;2018-03-18;55;Д11;34;Поступило дилеру
78;2018-03-19;13;Д13;25;Поступило дилеру
79;2018-03-20;57;Д15;33;Отдано покупателю
80;2018-03-21;1;Д1;45;Отдано покупателю
81;2018-03-22;43;Д10;55;Отдано покупателю
82;2018-03-23;58;Д9;16;Поступило дилеру
83;2018-03-24;40;Д10;37;Отдано покупателю
84;2018-03-25;18;Д11;13;Отдано покупателю
85;2018-03-26;53;Д16;59;Отдано покупателю
86;2018-03-27;42;Д1;28;Отдано покупателю
87;2018-03-28;20;Д2;47;Поступило дилеру
88;2018-03-29;22;Д3;45;Отдано покупателю
89;2018-03-30;43;Д7;7;Отдано покупателю
90;2018-03-31;8;Д8;31;Поступило дилеру
91;2018-04-01;58;Д15;47;Поступило дилеру
92;2018-04-02;22;Д10;31;Поступило дилеру
93;2018-04-03;55;Д11;3;Поступило дилеру
94;2018-04-04;12;Д4;48;Поступило дилеру
95;2018-04-05;29;Д6;60;Поступило дилеру
96;2018-04-06;40;Д12;27;Поступило дилеру
97;2018-04-07;25;Д16;41;Отдано покупателю
98;2018-04-08;30;Д15;21;Поступило дилеру
99;2018-04-09;46;Д14;36;Поступило дилеру
100;2018-04-10;58;Д3;47;Поступило дилеру
101;2018-04-11;10;Д14;23;Отдано покупателю
102;2018-04-12;34;Д5;26;Поступило дилеру
103;2018-04-13;8;Д1;1;Отдано покупателю
104;2018-04-14;35;Д6;44;Отдано покупателю
105;2018-04-15;27;Д13;26;Отдано покупателю
106;2018-04-16;12;Д9;17;Поступило дилеру
107;2018-04-17;18;Д5;53;Отдано покупателю
108;2018-04-18;13;Д15;24;Поступило дилеру
109;2018-04-19;27;Д7;10;Отдано покупателю
110;2018-04-20;41;Д13;41;Отдано покупателю
111;2018-04-21;50;Д11;18;Поступило дилеру
112;2018-04-22;39;Д15;19;Отдано покупателю
113;2018-04-23;7;Д3;58;Поступило дилеру
114;2018-04-24;64;Д4;41;Отдано покупателю
115;2018-04-25;41;Д8;35;Отдано покупателю
116;2018-04-26;41;Д10;35;Отдано покупателю
117;2018-04-27;45;Д16;46;Поступило дилеру
118;2018-04-28;3;Д1;44;Поступило дилеру
119;2018-04-29;45;Д7;37;Отдано покупателю
120;2018-04-30;1;Д9;19;Отдано покупателю
121;2018-05-01;37;Д9;14;Отдано покупателю
122;2018-05-02;22;Д11;28;Поступило дилеру
123;2018-05-03;5;Д13;6;Поступило дилеру
124;2018-05-04;13;Д1;40;Отдано покупателю
125;2018-05-05;6;Д3;4;Отдано покупателю
126;2018-05-06;25;Д8;6;Отдано покупателю
127;2018-05-07;2;Д8;2;Отдано покупателю
128;2018-05-08;3;Д4;13;Поступило дилеру
129;2018-05-09;36;Д11;35;Поступило дилеру
130;2018-05-10;11;Д15;34;Отдано покупателю
131;2018-05-11;63;Д4;2;Поступило дилеру
132;2018-05-12;46;Д15;17;Отдано покупателю
133;2018-05-13;22;Д10;24;Отдано покупателю
134;2018-05-14;54;Д11;49;Отдано покупателю
135;2018-05-15;26;Д4;2;Поступило дилеру
136;2018-05-16;47;Д6;44;Отдано покупателю
137;2018-05-17;31;Д8;25;Поступило дилеру
138;2018-05-18;6;Д3;51;Отдано покупателю
139;2018-05-19;9;Д15;41;Отдано покупателю
140;2018-05-20;31;Д4;2;Отдано покупателю
141;2018-05-21;14;Д12;51;Поступило дилеру
142;2018-05-22;49;Д5;7;Поступило дилеру
143;2018-05-23;20;Д3;40;Отдано покупателю
144;2018-05-24;41;Д7;35;Поступило дилеру
145;2018-05-25;1;Д8;19;Поступило дилеру
146;2018-05-26;30;Д6;13;Поступило дилеру
147;2018-05-27;39;Д12;57;Поступило дилеру
148;2018-05-28;63;Д15;12;Отдано покупателю
149;2018-05-29;15;Д10;27;Поступило дилеру
150;2018-05-30;62;Д11;45;Отдано покупателю
151;2018-05-31;39;Д5;27;Поступило дилеру
152;2018-06-01;42;Д6;2;Отдано покупателю
153;2018-06-02;50;Д12;19;Поступило дилеру
154;2018-06-03;30;Д4;17;Поступило дилеру
155;2018-06-04;44;Д1;24;Поступило дилеру
156;2018-06-05;40;Д15;28;Поступило дилеру
157;2018-06-06;50;Д16;33;Поступило дилеру
158;2018-06-07;15;Д5;2;Поступило дилеру
159;2018-06-08;53;Д5;26;Отдано покупателю
160;2018-06-09;64;Д8;19;Поступило дилеру
161;2018-06-10;49;Д4;14;Отдано покупателю
162;2018-06-11;58;Д15;49;Отдано покупателю
163;2018-06-12;40;Д3;40;Поступило дилеру
164;2018-06-13;40;Д11;46;Отдано покупателю
165;2018-06-14;7;Д5;46;Отдано покупателю
166;2018-06-15;25;Д15;26;Отдано покупателю
167;2018-06-16;53;Д3;40;Отдано покупателю
168;2018-06-17;32;Д9;21;Отдано покупателю
169;2018-06-18;57;Д14;26;Отдано покупателю
170;2018-06-19;48;Д6;1;Поступило дилеру
171;2018-06-20;27;Д10;21;Отдано покупателю
172;2018-06-21;36;Д10;41;Отдано покупателю
173;2018-06-22;22;Д4;10;Поступило дилеру
174;2018-06-23;25;Д7;9;Поступило дилеру
175;2018-06-24;54;Д2;17;Отдано покупателю
176;2018-06-25;15;Д7;14;Поступило дилеру
177;2018-06-26;54;Д5;20;Поступило дилеру
178;2018-06-27;16;Д1;40;Отдано покупателю
179;2018-06-28;34;Д12;41;Поступило дилеру
180;2018-06-29;20;Д7;42;Поступило дилеру
181;2018-06-30;11;Д10;32;Поступило дилеру
182;2018-07-01;5;Д10;25;Поступило дилеру
183;2018-07-02;2;Д13;36;Поступило дилеру
184;2018-07-03;8;Д4;16;Поступило дилеру
185;2018-07-04;24;Д12;18;Поступило дилеру
186;2018-07-05;27;Д3;35;Поступило дилеру
187;2018-07-06;3;Д12;60;Поступило дилеру
188;2018-07-07;61;Д13;36;Отдано покупателю
189;2018-07-08;63;Д8;35;Поступило дилеру
190;2018-07-09;61;Д9;26;Поступило дилеру
191;2018-07-10;53;Д10;20;Отдано покупателю
192;2018-07-11;40;Д13;17;Поступило дилеру
193;2018-07-12;27;Д6;53;Поступило дилеру
194;2018-07-13;14;Д4;18;Отдано покупателю
195;2018-07-14;12;Д3;39;Отдано покупателю
196;2018-07-15;43;Д9;32;Отдано покупателю
197;2018-07-16;36;Д4;49;Поступило дилеру
198;2018-07-17;55;Д2;11;Поступило дилеру
199;2018-07-18;48;Д2;25;Поступило дилеру
200;2018-07-19;19;Д3;41;Отдано покупателю
201;2018-07-20;38;Д14;13;Отдано покупателю
202;2018-07-21;57;Д15;53;Поступило дилеру
203;2018-07-22;56;Д5;51;Отдано покупателю
204;2018-07-23;31;Д9;14;Отдано покупателю
205;2018-07-24;20;Д15;44;Отдано покупателю
206;2018-07-25;17;Д3;40;Поступило дилеру
207;2018-07-26;22;Д6;53;Отдано покупателю
208;2018-07-27;2;Д3;51;Поступило дилеру
209;2018-07-28;33;Д5;10;Отдано покупателю
210;2018-07-29;21;Д2;38;Поступило дилеру
211;2018-07-30;25;Д15;39;Отдано покупателю
212;2018-07-31;62;Д1;40;Отдано покупателю
213;2018-08-01;17;Д4;55;Поступило дилеру
214;2018-08-02;58;Д8;3;Отдано покупателю
215;2018-08-03;58;Д11;24;Поступило дилеру
216;2018-08-04;63;Д7;24;Отдано покупателю
217;2018-08-05;35;Д9;58;Отдано покупателю
218;2018-08-06;5;Д15;21;Поступило дилеру
219;2018-08-07;60;Д14;35;Поступило дилеру
220;2018-08-08;21;Д10;35;Поступило дилеру
221;2018-08-09;22;Д2;3;Отдано покупателю
222;2018-08-10;63;Д12;55;Поступило дилеру
223;2018-08-11;11;Д1;21;Поступило дилеру
224;2018-08-12;58;Д11;60;Отдано покупателю
225;2018-08-13;10;Д4;11;Поступило дилеру
226;2018-08-14;9;Д9;39;Поступило дилеру
227;2018-08-15;31;Д4;20;Поступило дилеру
228;2018-08-16;40;Д11;20;Отдано покупателю
229;2018-08-17;50;Д6;33;Отдано покупателю
230;2018-08-18;32;Д13;9;Поступило дилеру
231;2018-08-19;21;Д11;4;Отдано покупателю
232;2018-08-20;25;Д14;29;Поступило дилеру
233;2018-08-21;40;Д5;54;Поступило дилеру
234;2018-08-22;33;Д10;22;Отдано покупателю
235;2018-08-23;41;Д10;23;Отдано покупателю
236;2018-08-24;1;Д13;7;Отдано покупателю
237;2018-08-25;33;Д15;47;Отдано покупателю
238;2018-08-26;4;Д2;44;Отдано покупателю
239;2018-08-27;50;Д14;37;Отдано покупателю
240;2018-08-28;6;Д12;14;Отдано покупателю
241;2018-08-29;31;Д13;39;Отдано покупателю
242;2018-08-30;46;Д13;56;Поступило дилеру
243;2018-08-31;15;Д15;23;Поступило дилеру
244;2018-09-01;50;Д12;59;Отдано покупателю
245;2018-09-02;60;Д11;46;Отдано покупателю
246;2018-09-03;12;Д5;48;Отдано покупателю
247;2018-09-04;38;Д14;3;Отдано покупателю
248;2018-09-05;53;Д11;50;Поступило дилеру
249;2018-09-06;18;Д14;41;Отдано покупателю
250;2018-09-07;59;Д6;14;Поступило дилеру
251;2018-09-08;37;Д10;36;Поступило дилеру
252;2018-09-09;1;Д3;24;Поступило дилеру
253;2018-09-10;11;Д3;39;Поступило дилеру
254;2018-09-11;60;Д7;2;Отдано покупателю
255;2018-09-12;47;Д16;14;Поступило дилеру
256;2018-09-13;36;Д8;31;Поступило дилеру
257;2018-09-14;43;Д11;8;Отдано покупателю
258;2018-09-15;48;Д14;49;Поступило дилеру
259;2018-09-16;25;Д5;17;Поступило дилеру
260;2018-09-17;30;Д1;13;Отдано покупателю
261;2018-09-18;12;Д1;27;Поступило дилеру
262;2018-09-19;57;Д7;40;Отдано покупателю
263;2018-09-20;23;Д7;34;Отдано покупателю
264;2018-09-21;51;Д16;51;Отдано покупателю
265;2018-09-22;2;Д3;14;Отдано покупателю
266;2018-09-23;36;Д2;17;Поступило дилеру
267;2018-09-24;34;Д9;49;Отдано покупателю
268;2018-09-25;47;Д7;51;Поступило дилеру
269;2018-09-26;28;Д7;18;Поступило дилеру
270;2018-09-27;45;Д4;49;Поступило дилеру
271;2018-09-28;54;Д9;37;Отдано покупателю
272;2018-09-29;2;Д10;42;Отдано покупателю
273;2018-09-30;4;Д3;49;Отдано покупателю
274;2018-10-01;51;Д8;38;Отдано покупателю
275;2018-10-02;55;Д12;47;Поступило дилеру
276;2018-10-03;10;Д10;58;Поступило дилеру
277;2018-10-04;25;Д12;2;Поступило дилеру
278;2018-10-05;16;Д14;54;Поступило дилеру
279;2018-10-06;43;Д1;43;Поступило дилеру
280;2018-10-07;63;Д9;3;Отдано покупателю
281;2018-10-08;8;Д13;7;Поступило дилеру
282;2018-10-09;24;Д7;27;Отдано покупателю
283;2018-10-10;2;Д7;10;Поступило дилеру
284;2018-10-11;50;Д1;43;Отдано покупателю
285;2018-10-12;56;Д14;9;Отдано покупателю
286;2018-10-13;45;Д13;60;Поступило дилеру
287;2018-10-14;19;Д16;7;Поступило дилеру
288;2018-10-15;58;Д16;13;Поступило дилеру
289;2018-10-16;22;Д13;45;Отдано покупателю
290;2018-10-17;45;Д8;4;Поступило дилеру
291;2018-10-18;30;Д16;47;Отдано покупателю
292;2018-10-19;43;Д1;29;Отдано покупателю
293;2018-10-20;1;Д12;24;Поступило дилеру
294;2018-10-21;24;Д2;24;Отдано покупателю
295;2018-10-22;54;Д4;5;Поступило дилеру
296;2018-10-23;30;Д12;2;Поступило дилеру
297;2018-10-24;31;Д11;42;Отдано покупателю
298;2018-10-25;32;Д1;12;Поступило дилеру
299;2018-10-26;53;Д1;24;Отдано покупателю
300;2018-10-27;17;Д1;30;Отдано покупателю
301;2018-10-28;39;Д10;18;Поступило дилеру
302;2018-10-29;56;Д4;15;Поступило дилеру
303;2018-10-30;51;Д8;38;Отдано покупателю
304;2018-10-31;43;Д11;11;Отдано покупателю
305;2018-11-01;6;Д9;30;Отдано покупателю
306;2018-11-02;39;Д5;49;Поступило дилеру
307;2018-11-03;49;Д16;19;Отдано покупателю
308;2018-11-04;8;Д10;30;Поступило дилеру
309;2018-11-05;27;Д12;30;Поступило дилеру
310;2018-11-06;38;Д11;19;Поступило дилеру
311;2018-11-07;11;Д5;26;Поступило дилеру
312;2018-11-08;10;Д12;27;Отдано покупателю
313;2018-11-09;4;Д6;17;Поступило дилеру
314;2018-11-10;64;Д7;6;Поступило дилеру
315;2018-11-11;25;Д2;28;Отдано покупателю
316;2018-11-12;53;Д8;6;Поступило дилеру
317;2018-11-13;47;Д9;14;Поступило дилеру
318;2018-11-14;19;Д6;38;Поступило дилеру
319;2018-11-15;21;Д7;27;Поступило дилеру
320;2018-11-16;61;Д3;17;Поступило дилеру
321;2018-11-17;53;Д15;19;Отдано покупателю
322;2018-11-18;4;Д14;23;Поступило дилеру
323;2018-11-19;43;Д4;31;Поступило дилеру
324;2018-11-20;25;Д16;31;Поступило дилеру
325;2018-11-21;8;Д13;51;Отдано покупателю
326;2018-11-22;14;Д15;15;Поступило дилеру
327;2018-11-23;2;Д3;2;Поступило дилеру
328;2018-11-24;25;Д1;18;Отдано покупателю
329;2018-11-25;23;Д1;59;Отдано покупателю
330;2018-11-26;18;Д10;53;Отдано покупателю
331;2018-11-27;17;Д9;34;Отдано покупателю
332;2018-11-28;11;Д16;55;Поступило дилеру
333;2018-11-29;10;Д13;40;Поступило дилеру
334;2018-11-30;6;Д3;22;Отдано покупателю
335;2018-12-01;58;Д6;15;Отдано покупателю
336;2018-12-02;22;Д1;44;Поступило дилеру
337;2018-12-03;25;Д9;53;Отдано покупателю
338;2018-12-04;63;Д13;6;Отдано покупателю
339;2018-12-05;17;Д3;46;Поступило дилеру
340;2018-12-06;11;Д9;29;Поступило дилеру
341;2018-12-07;44;Д1;10;Поступило дилеру
342;2018-12-08;63;Д6;29;Отдано покупателю
343;2018-12-09;32;Д8;1;Отдано покупателю
344;2018-12-10;11;Д4;27;Поступило дилеру
345;2018-12-11;13;Д3;32;Поступило дилеру
346;2018-12-12;48;Д2;57;Поступило дилеру
347;2018-12-13;8;Д1;45;Поступило дилеру
348;2018-12-14;37;Д7;24;Поступило дилеру
349;2018-12-15;33;Д12;59;Отдано покупателю
350;2018-12-16;41;Д15;41;Отдано покупателю
351;2018-12-17;41;Д1;13;Поступило дилеру
352;2018-12-18;64;Д14;26;Поступило дилеру
353;2018-12-19;17;Д2;28;Поступило дилеру
354;2018-12-20;38;Д4;22;Отдано покупателю
355;2018-12-21;20;Д6;47;Поступило дилеру
356;2018-12-22;35;Д14;36;Отдано покупателю
357;2018-12-23;25;Д5;41;Отдано покупателю
358;2018-12-24;23;Д1;35;Поступило дилеру
359;2018-12-25;60;Д3;21;Отдано покупателю
360;2018-12-26;52;Д3;21;Отдано покупателю
361;2018-12-27;27;Д11;27;Поступило дилеру
362;2018-12-28;41;Д7;54;Отдано покупателю
363;2018-12-29;6;Д4;11;Отдано покупателю
364;2018-12-30;62;Д6;24;Отдано покупателю
365;2018-12-31;21;Д9;38;Отдано покупателю
366;2019-01-01;31;Д3;53;Отдано покупателю
367;2019-01-02;4;Д6;47;Поступило дилеру
368;2019-01-03;33;Д12;45;Отдано покупателю
369;2019-01-04;59;Д14;34;Отдано покупателю
370;2019-01-05;31;Д5;34;Поступило дилеру
371;2019-01-06;4;Д8;39;Поступило дилеру
372;2019-01-07;32;Д12;25;Поступило дилеру
373;2019-01-08;25;Д3;55;Поступило дилеру
374;2019-01-09;63;Д16;51;Поступило дилеру
375;2019-01-10;37;Д8;14;Отдано покупателю
376;2019-01-11;57;Д9;26;Поступило дилеру
377;2019-01-12;31;Д15;42;Поступило дилеру
378;2019-01-13;29;Д4;12;Поступило дилеру
379;2019-01-14;60;Д9;44;Поступило дилеру
380;2019-01-15;60;Д3;42;Отдано покупателю
381;2019-01-16;57;Д1;58;Поступило дилеру
382;2019-01-17;12;Д10;11;Поступило дилеру
383;2019-01-18;40;Д1;40;Отдано покупателю
384;2019-01-19;49;Д2;29;Поступило дилеру
385;2019-01-20;60;Д3;36;Поступило дилеру
386;2019-01-21;32;Д14;32;Отдано покупателю
387;2019-01-22;61;Д1;60;Поступило дилеру
388;2019-01-23;4;Д16;41;Поступило дилеру
389;2019-01-24;46;Д10;54;Отдано покупателю
390;2019-01-25;4;Д4;44;Отдано покупателю
391;2019-01-26;29;Д14;43;Отдано покупателю
392;2019-01-27;15;Д8;31;Поступило дилеру
393;2019-01-28;7;Д2;28;Поступило дилеру
394;2019-01-29;38;Д8;39;Поступило дилеру
395;2019-01-30;17;Д5;22;Отдано покупателю
396;2019-01-31;29;Д1;32;Отдано покупателю
397;2019-02-01;59;Д4;14;Отдано покупателю
398;2019-02-02;36;Д6;59;Поступило дилеру
399;2019-02-03;59;Д8;26;Отдано покупателю
400;2019-02-04;43;Д9;7;Поступило дилеру
401;2019-02-05;23;Д8;42;Поступило дилеру
402;2019-02-06;47;Д14;5;Поступило дилеру
403;2019-02-07;2;Д2;44;Отдано покупателю
404;2019-02-08;41;Д8;60;Поступило дилеру
405;2019-02-09;55;Д14;4;Отдано покупателю
406;2019-02-10;11;Д11;21;Отдано покупателю
407;2019-02-11;14;Д12;37;Поступило дилеру
408;2019-02-12;58;Д3;23;Поступило дилеру
409;2019-02-13;60;Д10;49;Поступило дилеру
410;2019-02-14;59;Д16;47;Отдано покупателю
411;2019-02-15;42;Д5;43;Поступило дилеру
412;2019-02-16;40;Д6;15;Отдано покупателю
413;2019-02-17;6;Д1;24;Отдано покупателю
414;2019-02-18;26;Д10;57;Отдано покупателю
415;2019-02-19;18;Д7;39;Поступило дилеру
416;2019-02-20;28;Д5;34;Отдано покупателю
417;2019-02-21;24;Д2;5;Поступило дилеру
418;2019-02-22;10;Д8;6;Отдано покупателю
419;2019-02-23;30;Д9;36;Поступило дилеру
420;2019-02-24;40;Д13;8;Поступило дилеру
421;2019-02-25;25;Д13;45;Поступило дилеру
422;2019-02-26;9;Д6;60;Поступило дилеру
423;2019-02-27;49;Д3;18;Отдано покупателю
424;2019-02-28;2;Д3;48;Отдано покупателю
425;2019-03-01;2;Д2;15;Поступило дилеру
426;2019-03-02;57;Д8;35;Поступило дилеру
427;2019-03-03;22;Д12;46;Поступило дилеру
428;2019-03-04;6;Д12;18;Отдано покупателю
429;2019-03-05;2;Д2;31;Отдано покупателю
430;2019-03-06;47;Д6;1;Отдано покупателю
431;2019-03-07;40;Д7;17;Отдано покупателю
432;2019-03-08;16;Д1;59;Поступило дилеру
433;2019-03-09;50;Д10;9;Поступило дилеру
434;2019-03-10;21;Д8;57;Поступило дилеру
435;2019-03-11;7;Д16;17;Отдано покупателю
436;2019-03-12;18;Д11;14;Поступило дилеру
437;2019-03-13;52;Д8;60;Поступило дилеру
438;2019-03-14;33;Д5;47;Отдано покупателю
439;2019-03-15;57;Д7;57;Поступило дилеру
440;2019-03-16;28;Д15;38;Поступило дилеру
441;2019-03-17;30;Д11;31;Поступило дилеру
442;2019-03-18;41;Д16;2;Поступило дилеру
443;2019-03-19;57;Д4;17;Поступило дилеру
444;2019-03-20;24;Д10;15;Отдано покупателю
445;2019-03-21;1;Д11;56;Отдано покупателю
446;2019-03-22;30;Д11;41;Поступило дилеру
447;2019-03-23;45;Д11;17;Поступило дилеру
448;2019-03-24;53;Д14;10;Поступило дилеру
449;2019-03-25;25;Д12;42;Поступило дилеру
450;2019-03-26;53;Д15;16;Поступило дилеру
451;2019-03-27;40;Д1;44;Отдано покупателю
452;2019-03-28;55;Д1;49;Поступило дилеру
453;2019-03-29;27;Д8;7;Поступило дилеру
454;2019-03-30;20;Д12;51;Отдано покупателю
455;2019-03-31;21;Д10;8;Поступило дилеру
456;2019-04-01;8;Д2;50;Отдано покупателю
457;2019-04-02;25;Д4;26;Отдано покупателю
458;2019-04-03;62;Д1;11;Отдано покупателю
459;2019-04-04;27;Д7;45;Отдано покупателю
460;2019-04-05;53;Д1;26;Отдано покупателю
461;2019-04-06;12;Д2;38;Поступило дилеру
462;2019-04-07;12;Д8;37;Отдано покупателю
463;2019-04-08;28;Д10;4;Поступило дилеру
464;2019-04-09;39;Д10;53;Отдано покупателю
465;2019-04-10;63;Д7;48;Отдано покупателю
466;2019-04-11;20;Д3;17;Отдано покупателю
467;2019-04-12;22;Д2;19;Отдано покупателю
468;2019-04-13;64;Д8;34;Поступило дилеру
469;2019-04-14;22;Д1;11;Поступило дилеру
470;2019-04-15;27;Д9;10;Отдано покупателю
471;2019-04-16;36;Д12;26;Отдано покупателю
472;2019-04-17;47;Д14;30;Поступило дилеру
473;2019-04-18;25;Д12;38;Поступило дилеру
474;2019-04-19;21;Д3;58;Поступило дилеру
475;2019-04-20;22;Д1;37;Отдано покупателю
476;2019-04-21;52;Д2;10;Отдано покупателю
477;2019-04-22;15;Д5;17;Отдано покупателю
478;2019-04-23;53;Д15;39;Отдано покупателю
479;2019-04-24;8;Д16;13;Отдано покупателю
480;2019-04-25;60;Д11;16;Отдано покупателю
481;2019-04-26;21;Д15;35;Поступило дилеру
482;2019-04-27;26;Д15;46;Поступило дилеру
483;2019-04-28;12;Д15;37;Поступило дилеру
484;2019-04-29;58;Д13;44;Поступило дилеру
485;2019-04-30;11;Д16;34;Отдано покупателю
486;2019-05-01;45;Д7;55;Поступило дилеру
487;2019-05-02;45;Д15;30;Отдано покупателю
488;2019-05-03;3;Д7;34;Поступило дилеру
489;2019-05-04;17;Д12;56;Поступило дилеру
490;2019-05-05;16;Д12;6;Отдано покупателю
491;2019-05-06;39;Д13;12;Поступило дилеру
492;2019-05-07;52;Д11;44;Отдано покупателю
493;2019-05-08;42;Д10;37;Отдано покупателю
494;2019-05-09;7;Д13;1;Поступило дилеру
495;2019-05-10;47;Д14;56;Отдано покупателю
496;2019-05-11;56;Д1;14;Поступило дилеру
497;2019-05-12;15;Д13;53;Поступило дилеру
498;2019-05-13;41;Д8;25;Поступило дилеру
499;2019-05-14;57;Д2;34;Поступило дилеру
500;2019-05-15;38;Д11;28;Отдано покупателю
501;2019-05-16;4;Д14;30;Поступило дилеру
502;2019-05-17;35;Д11;59;Поступило дилеру
503;2019-05-18;50;Д7;34;Отдано покупателю
504;2019-05-19;50;Д3;32;Отдано покупателю
505;2019-05-20;64;Д14;11;Поступило дилеру
506;2019-05-21;46;Д9;24;Поступило дилеру
507;2019-05-22;38;Д1;11;Поступило дилеру
508;2019-05-23;12;Д12;59;Поступило дилеру
509;2019-05-24;14;Д8;60;Поступило дилеру
510;2019-05-25;41;Д3;20;Поступило дилеру
511;2019-05-26;21;Д4;39;Поступило дилеру
512;2019-05-27;31;Д12;47;Поступило дилеру
513;2019-05-28;55;Д14;56;Отдано покупателю
514;2019-05-29;7;Д2;45;Поступило дилеру
515;2019-05-30;34;Д2;32;Поступило дилеру
516;2019-05-31;15;Д10;16;Поступило дилеру
517;2019-06-01;54;Д4;46;Поступило дилеру
518;2019-06-02;41;Д1;10;Поступило дилеру
519;2019-06-03;31;Д15;59;Поступило дилеру
520;2019-06-04;52;Д13;37;Отдано покупателю
521;2019-06-05;38;Д15;56;Поступило дилеру
522;2019-06-06;36;Д15;60;Отдано покупателю
523;2019-06-07;26;Д15;10;Отдано покупателю
524;2019-06-08;30;Д7;55;Отдано покупателю
525;2019-06-09;37;Д14;9;Поступило дилеру
526;2019-06-10;17;Д2;33;Отдано покупателю
527;2019-06-11;50;Д16;47;Поступило дилеру
528;2019-06-12;24;Д7;34;Отдано покупателю
529;2019-06-13;56;Д12;23;Поступило дилеру
530;2019-06-14;19;Д2;13;Отдано покупателю
531;2019-06-15;58;Д15;52;Отдано покупателю
532;2019-06-16;5;Д3;35;Отдано покупателю
533;2019-06-17;22;Д3;34;Поступило дилеру
534;2019-06-18;12;Д7;48;Поступило дилеру
535;2019-06-19;64;Д4;11;Поступило дилеру
536;2019-06-20;26;Д12;35;Поступило дилеру
537;2019-06-21;5;Д12;20;Отдано покупателю
538;2019-06-22;41;Д13;47;Отдано покупателю
539;2019-06-23;13;Д10;16;Поступило дилеру
540;2019-06-24;14;Д2;16;Поступило дилеру
541;2019-06-25;40;Д1;2;Поступило дилеру
542;2019-06-26;48;Д14;41;Поступило дилеру
543;2019-06-27;8;Д8;59;Отдано покупателю
544;2019-06-28;31;Д9;18;Поступило дилеру
545;2019-06-29;10;Д2;27;Отдано покупателю
546;2019-06-30;58;Д7;37;Поступило дилеру
547;2019-07-01;3;Д9;33;Поступило дилеру
548;2019-07-02;15;Д14;12;Поступило дилеру
549;2019-07-03;14;Д2;16;Отдано покупателю
550;2019-07-04;16;Д1;27;Отдано покупателю
551;2019-07-05;9;Д13;59;Поступило дилеру
552;2019-07-06;23;Д1;49;Отдано покупателю
553;2019-07-07;11;Д12;37;Поступило дилеру
554;2019-07-08;55;Д11;49;Поступило дилеру
555;2019-07-09;4;Д9;49;Поступило дилеру
556;2019-07-10;20;Д3;7;Поступило дилеру
557;2019-07-11;63;Д9;50;Поступило дилеру
558;2019-07-12;44;Д16;14;Поступило дилеру
559;2019-07-13;21;Д2;32;Отдано покупателю
560;2019-07-14;59;Д2;23;Поступило дилеру
561;2019-07-15;37;Д2;27;Отдано покупателю
562;2019-07-16;43;Д5;58;Поступило дилеру
563;2019-07-17;30;Д6;19;Поступило дилеру
564;2019-07-18;5;Д15;51;Отдано покупателю
565;2019-07-19;7;Д12;15;Поступило дилеру
566;2019-07-20;58;Д8;19;Поступило дилеру
567;2019-07-21;28;Д1;20;Поступило дилеру
568;2019-07-22;62;Д6;37;Отдано покупателю
569;2019-07-23;45;Д5;38;Поступило дилеру
570;2019-07-24;60;Д5;14;Отдано покупателю
571;2019-07-25;46;Д9;25;Поступило дилеру
572;2019-07-26;47;Д13;9;Отдано покупателю
573;2019-07-27;37;Д8;43;Поступило дилеру
574;2019-07-28;19;Д11;55;Поступило дилеру
575;2019-07-29;40;Д1;19;Поступило дилеру
576;2019-07-30;22;Д6;42;Поступило дилеру
577;2019-07-31;59;Д9;40;Отдано покупателю
578;2019-08-01;29;Д8;36;Поступило дилеру
579;2019-08-02;38;Д8;30;Поступило дилеру
580;2019-08-03;45;Д14;31;Поступило дилеру
581;2019-08-04;47;Д3;60;Поступило дилеру
582;2019-08-05;5;Д16;3;Отдано покупателю
583;2019-08-06;26;Д1;49;Отдано покупателю
584;2019-08-07;5;Д5;53;Отдано покупателю
585;2019-08-08;32;Д16;32;Отдано покупателю
586;2019-08-09;56;Д3;41;Отдано покупателю
587;2019-08-10;62;Д1;50;Поступило дилеру
588;2019-08-11;53;Д5;55;Поступило дилеру
589;2019-08-12;46;Д4;36;Отдано покупателю
590;2019-08-13;48;Д5;55;Поступило дилеру
591;2019-08-14;59;Д11;15;Отдано покупателю
592;2019-08-15;59;Д4;41;Поступило дилеру
593;2019-08-16;17;Д10;55;Отдано покупателю
594;2019-08-17;48;Д15;4;Поступило дилеру
595;2019-08-18;23;Д14;21;Поступило дилеру
596;2019-08-19;62;Д15;28;Отдано покупателю
597;2019-08-20;25;Д11;20;Отдано покупателю
598;2019-08-21;59;Д12;56;Поступило дилеру
599;2019-08-22;21;Д6;33;Отдано покупателю
600;2019-08-23;43;Д4;41;Отдано покупателю
601;2019-08-24;29;Д2;46;Отдано покупателю
602;2019-08-25;20;Д1;16;Отдано покупателю
603;2019-08-26;46;Д9;14;Поступило дилеру
604;2019-08-27;40;Д1;44;Поступило дилеру
605;2019-08-28;24;Д3;25;Поступило дилеру
606;2019-08-29;59;Д4;34;Поступило дилеру
607;2019-08-30;4;Д2;9;Поступило дилеру
608;2019-08-31;64;Д14;18;Поступило дилеру
609;2019-09-01;26;Д1;58;Отдано покупателю
610;2019-09-02;8;Д2;30;Отдано покупателю
611;2019-09-03;56;Д6;16;Отдано покупателю
612;2019-09-04;12;Д9;30;Отдано покупателю
613;2019-09-05;36;Д3;43;Поступило дилеру
614;2019-09-06;25;Д11;11;Отдано покупателю
615;2019-09-07;22;Д16;53;Поступило дилеру
616;2019-09-08;15;Д7;14;Поступило дилеру
617;2019-09-09;21;Д15;7;Поступило дилеру
618;2019-09-10;64;Д3;21;Поступило дилеру
619;2019-09-11;61;Д12;56;Отдано покупателю
620;2019-09-12;2;Д12;35;Отдано покупателю
621;2019-09-13;33;Д2;15;Поступило дилеру
622;2019-09-14;21;Д10;21;Отдано покупателю
623;2019-09-15;52;Д10;48;Поступило дилеру
624;2019-09-16;39;Д14;22;Отдано покупателю
625;2019-09-17;14;Д3;27;Поступило дилеру
626;2019-09-18;47;Д15;1;Отдано покупателю
627;2019-09-19;19;Д4;41;Поступило дилеру
628;2019-09-20;52;Д5;10;Поступило дилеру
629;2019-09-21;45;Д4;25;Отдано покупателю
630;2019-09-22;51;Д5;52;Отдано покупателю
631;2019-09-23;60;Д9;28;Поступило дилеру
632;2019-09-24;49;Д4;48;Отдано покупателю
633;2019-09-25;27;Д6;31;Поступило дилеру
634;2019-09-26;27;Д11;24;Поступило дилеру
635;2019-09-27;20;Д4;7;Поступило дилеру
636;2019-09-28;8;Д6;31;Отдано покупателю
637;2019-09-29;18;Д2;34;Отдано покупателю
638;2019-09-30;26;Д8;44;Поступило дилеру
639;2019-10-01;3;Д8;26;Поступило дилеру
640;2019-10-02;5;Д2;53;Отдано покупателю
641;2019-10-03;3;Д10;53;Отдано покупателю
642;2019-10-04;6;Д12;56;Отдано покупателю
643;2019-10-05;36;Д11;31;Поступило дилеру
644;2019-10-06;23;Д11;19;Отдано покупателю
645;2019-10-07;25;Д16;26;Поступило дилеру
646;2019-10-08;45;Д4;49;Отдано покупателю
647;2019-10-09;39;Д11;16;Отдано покупателю
648;2019-10-10;54;Д14;41;Отдано покупателю
649;2019-10-11;18;Д5;43;Отдано покупателю
650;2019-10-12;45;Д11;6;Отдано покупателю
651;2019-10-13;7;Д14;59;Отдано покупателю
652;2019-10-14;38;Д15;28;Отдано покупателю
653;2019-10-15;40;Д9;45;Поступило дилеру
654;2019-10-16;45;Д11;4;Поступило дилеру
655;2019-10-17;1;Д10;29;Отдано покупателю
656;2019-10-18;40;Д14;13;Отдано покупателю
657;2019-10-19;17;Д5;43;Поступило дилеру
658;2019-10-20;31;Д5;27;Отдано покупателю
659;2019-10-21;48;Д2;18;Отдано покупателю
660;2019-10-22;8;Д3;58;Отдано покупателю
661;2019-10-23;51;Д1;37;Поступило дилеру
662;2019-10-24;61;Д6;15;Отдано покупателю
663;2019-10-25;30;Д3;36;Поступило дилеру
664;2019-10-26;12;Д3;53;Поступило дилеру
665;2019-10-27;50;Д10;10;Отдано покупателю
666;2019-10-28;13;Д11;51;Поступило дилеру
667;2019-10-29;63;Д13;8;Поступило дилеру
668;2019-10-30;59;Д5;7;Поступило дилеру
669;2019-10-31;1;Д15;11;Поступило дилеру
670;2019-11-01;13;Д2;3;Поступило дилеру
671;2019-11-02;9;Д16;24;Отдано покупателю
672;2019-11-03;39;Д16;27;Поступило дилеру
673;2019-11-04;12;Д4;34;Поступило дилеру
674;2019-11-05;25;Д2;28;Поступило дилеру
675;2019-11-06;63;Д4;11;Поступило дилеру
676;2019-11-07;31;Д6;31;Отдано покупателю
677;2019-11-08;15;Д6;7;Поступило дилеру
678;2019-11-09;8;Д3;1;Отдано покупателю
679;2019-11-10;42;Д1;17;Отдано покупателю
680;2019-11-11;39;Д9;2;Поступило дилеру
681;2019-11-12;32;Д14;15;Отдано покупателю
682;2019-11-13;60;Д2;39;Поступило дилеру
683;2019-11-14;3;Д15;10;Отдано покупателю
684;2019-11-15;4;Д15;22;Отдано покупателю
685;2019-11-16;42;Д12;2;Поступило дилеру
686;2019-11-17;18;Д6;50;Поступило дилеру
687;2019-11-18;16;Д10;45;Отдано покупателю
688;2019-11-19;25;Д1;60;Поступило дилеру
689;2019-11-20;18;Д14;20;Поступило дилеру
690;2019-11-21;13;Д8;27;Отдано покупателю
691;2019-11-22;54;Д3;4;Поступило дилеру
692;2019-11-23;41;Д12;27;Поступило дилеру
693;2019-11-24;50;Д15;37;Поступило дилеру
694;2019-11-25;52;Д5;44;Отдано покупателю
695;2019-11-26;20;Д7;33;Поступило дилеру
696;2019-11-27;28;Д16;49;Отдано покупателю
697;2019-11-28;30;Д6;25;Отдано покупателю
698;2019-11-29;5;Д1;3;Поступило дилеру
699;2019-11-30;28;Д3;9;Поступило дилеру
700;2019-12-01;18;Д1;49;Поступило дилеру
701;2019-12-02;2;Д3;51;Отдано покупателю
702;2019-12-03;56;Д5;34;Отдано покупателю
703;2019-12-04;35;Д6;16;Поступило дилеру
704;2019-12-05;60;Д8;5;Отдано покупателю
705;2019-12-06;36;Д14;5;Поступило дилеру
706;2019-12-07;60;Д4;59;Отдано покупателю
707;2019-12-08;45;Д15;53;Отдано покупателю
708;2019-12-09;53;Д14;47;Поступило дилеру
709;2019-12-10;28;Д4;29;Поступило дилеру
710;2019-12-11;59;Д15;60;Отдано покупателю
711;2019-12-12;20;Д14;1;Отдано покупателю
712;2019-12-13;17;Д2;11;Поступило дилеру
713;2019-12-14;43;Д7;4;Отдано покупателю
714;2019-12-15;17;Д13;25;Поступило дилеру
715;2019-12-16;10;Д15;39;Отдано покупателю
716;2019-12-17;34;Д4;26;Поступило дилеру
717;2019-12-18;44;Д6;6;Отдано покупателю
718;2019-12-19;47;Д1;28;Поступило дилеру
719;2019-12-20;58;Д11;36;Поступило дилеру
720;2019-12-21;15;Д16;37;Поступило дилеру
721;2019-12-22;18;Д6;56;Поступило дилеру
722;2019-12-23;55;Д9;2;Отдано покупателю
723;2019-12-24;35;Д3;1;Отдано покупателю
724;2019-12-25;31;Д1;21;Отдано покупателю
725;2019-12-26;11;Д16;47;Отдано покупателю
726;2019-12-27;45;Д8;48;Отдано покупателю
727;2019-12-28;63;Д13;44;Поступило дилеру
728;2019-12-29;57;Д1;31;Отдано покупателю
729;2019-12-30;9;Д8;60;Поступило дилеру
730;2019-12-31;53;Д11;47;Отдано покупателю
731;2020-01-01;1;Д8;2;Поступило дилеру
732;2020-01-02;53;Д2;30;Отдано покупателю
733;2020-01-03;64;Д14;48;Поступило дилеру
734;2020-01-04;47;Д7;29;Поступило дилеру
735;2020-01-05;62;Д11;55;Поступило дилеру
736;2020-01-06;24;Д5;52;Поступило дилеру
737;2020-01-07;33;Д16;3;Отдано покупателю
738;2020-01-08;25;Д11;50;Поступило дилеру
739;2020-01-09;10;Д11;9;Поступило дилеру
740;2020-01-10;58;Д15;2;Поступило дилеру
741;2020-01-11;15;Д5;17;Поступило дилеру
742;2020-01-12;40;Д2;53;Отдано покупателю
743;2020-01-13;56;Д4;10;Поступило дилеру
744;2020-01-14;57;Д6;45;Поступило дилеру
745;2020-01-15;63;Д1;42;Поступило дилеру
746;2020-01-16;29;Д1;41;Отдано покупателю
747;2020-01-17;32;Д13;30;Отдано покупателю
748;2020-01-18;48;Д11;30;Отдано покупателю
749;2020-01-19;40;Д10;19;Поступило дилеру
750;2020-01-20;1;Д3;32;Поступило дилеру
751;2020-01-21;31;Д11;27;Отдано покупателю
752;2020-01-22;55;Д5;14;Поступило дилеру
753;2020-01-23;15;Д6;40;Поступило дилеру
754;2020-01-24;4;Д7;36;Поступило дилеру
755;2020-01-25;22;Д1;43;Поступило дилеру
756;2020-01-26;50;Д16;34;Отдано покупателю
757;2020-01-27;18;Д16;49;Отдано покупателю
758;2020-01-28;48;Д7;32;Поступило дилеру
759;2020-01-29;60;Д1;28;Поступило дилеру
760;2020-01-30;44;Д13;29;Отдано покупателю
761;2020-01-31;48;Д1;54;Отдано покупателю
762;2020-02-01;46;Д10;57;Поступило дилеру
763;2020-02-02;1;Д3;50;Поступило дилеру
764;2020-02-03;30;Д12;7;Поступило дилеру
765;2020-02-04;42;Д15;2;Поступило дилеру
766;2020-02-05;27;Д7;2;Поступило дилеру
767;2020-02-06;4;Д10;2;Поступило дилеру
768;2020-02-07;49;Д4;5;Поступило дилеру
769;2020-02-08;5;Д8;11;Поступило дилеру
770;2020-02-09;18;Д11;25;Поступило дилеру
771;2020-02-10;56;Д8;5;Отдано покупателю
772;2020-02-11;24;Д12;3;Поступило дилеру
773;2020-02-12;14;Д16;6;Отдано покупателю
774;2020-02-13;36;Д11;16;Поступило дилеру
775;2020-02-14;64;Д16;47;Поступило дилеру
776;2020-02-15;45;Д3;3;Поступило дилеру
777;2020-02-16;9;Д14;3;Отдано покупателю
778;2020-02-17;3;Д13;54;Поступило дилеру
779;2020-02-18;9;Д5;15;Отдано покупателю
780;2020-02-19;32;Д9;15;Поступило дилеру
781;2020-02-20;30;Д2;24;Отдано покупателю
782;2020-02-21;21;Д14;24;Поступило дилеру
783;2020-02-22;21;Д10;37;Поступило дилеру
784;2020-02-23;47;Д6;48;Поступило дилеру
785;2020-02-24;50;Д7;58;Поступило дилеру
786;2020-02-25;16;Д12;29;Поступило дилеру
787;2020-02-26;49;Д11;31;Поступило дилеру
788;2020-02-27;18;Д14;33;Поступило дилеру
789;2020-02-28;5;Д8;48;Отдано покупателю
790;2020-02-29;60;Д16;47;Поступило дилеру
791;2020-03-01;51;Д2;23;Поступило дилеру
792;2020-03-02;42;Д6;4;Поступило дилеру
793;2020-03-03;54;Д6;33;Отдано покупателю
794;2020-03-04;54;Д4;36;Отдано покупателю
795;2020-03-05;8;Д3;41;Поступило дилеру
796;2020-03-06;20;Д11;23;Поступило дилеру
797;2020-03-07;39;Д11;26;Отдано покупателю
798;2020-03-08;53;Д5;41;Поступило дилеру
799;2020-03-09;22;Д7;39;Отдано покупателю
800;2020-03-10;53;Д6;38;Поступило дилеру
801;2020-03-11;49;Д10;55;Поступило дилеру
802;2020-03-12;44;Д5;56;Поступило дилеру
803;2020-03-13;49;Д9;49;Поступило дилеру
804;2020-03-14;53;Д8;21;Отдано покупателю
805;2020-03-15;17;Д16;13;Поступило дилеру
806;2020-03-16;3;Д1;35;Поступило дилеру
807;2020-03-17;7;Д8;3;Поступило дилеру
808;2020-03-18;2;Д14;39;Поступило дилеру
809;2020-03-19;13;Д1;32;Поступило дилеру
810;2020-03-20;41;Д16;25;Поступило дилеру
811;2020-03-21;1;Д8;45;Поступило дилеру
812;2020-03-22;36;Д1;60;Отдано покупателю
813;2020-03-23;36;Д4;24;Поступило дилеру
814;2020-03-24;36;Д6;49;Отдано покупателю
815;2020-03-25;22;Д15;37;Поступило дилеру
816;2020-03-26;31;Д15;43;Отдано покупателю
817;2020-03-27;38;Д5;14;Поступило дилеру
818;2020-03-28;55;Д6;8;Поступило дилеру
819;2020-03-29;23;Д11;54;Поступило дилеру
820;2020-03-30;27;Д14;45;Поступило дилеру
821;2020-03-31;6;Д8;1;Поступило дилеру
822;2020-04-01;60;Д3;4;Отдано покупателю
823;2020-04-02;25;Д12;32;Поступило дилеру
824;2020-04-03;6;Д14;27;Поступило дилеру
825;2020-04-04;60;Д6;46;Отдано покупателю
826;2020-04-05;33;Д7;14;Отдано покупателю
827;2020-04-06;51;Д4;10;Поступило дилеру
828;2020-04-07;12;Д8;19;Отдано покупателю
829;2020-04-08;2;Д9;12;Поступило дилеру
830;2020-04-09;11;Д13;30;Отдано покупателю
831;2020-04-10;39;Д14;52;Поступило дилеру
832;2020-04-11;3;Д5;48;Поступило дилеру
833;2020-04-12;40;Д13;13;Отдано покупателю
834;2020-04-13;52;Д16;45;Поступило дилеру
835;2020-04-14;55;Д16;1;Отдано покупателю
836;2020-04-15;46;Д16;49;Поступило дилеру
837;2020-04-16;39;Д14;6;Поступило дилеру
838;2020-04-17;27;Д3;15;Поступило дилеру
839;2020-04-18;5;Д2;23;Поступило дилеру
840;2020-04-19;17;Д1;25;Поступило дилеру
841;2020-04-20;61;Д13;31;Отдано покупателю
842;2020-04-21;29;Д12;27;Поступило дилеру
843;2020-04-22;23;Д3;28;Поступило дилеру
844;2020-04-23;57;Д10;23;Отдано покупателю
845;2020-04-24;63;Д12;28;Поступило дилеру
846;2020-04-25;6;Д5;26;Отдано покупателю
847;2020-04-26;16;Д14;55;Поступило дилеру
848;2020-04-27;62;Д16;33;Отдано покупателю
849;2020-04-28;47;Д14;33;Отдано покупателю
850;2020-04-29;52;Д8;30;Отдано покупателю
851;2020-04-30;19;Д6;14;Отдано покупателю
852;2020-05-01;52;Д10;14;Поступило дилеру
853;2020-05-02;9;Д7;43;Поступило дилеру
854;2020-05-03;12;Д10;35;Отдано покупателю
855;2020-05-04;2;Д4;29;Отдано покупателю
856;2020-05-05;48;Д16;36;Поступило дилеру
857;2020-05-06;22;Д5;54;Отдано покупателю
858;2020-05-07;48;Д9;37;Отдано покупателю
859;2020-05-08;33;Д11;24;Поступило дилеру
860;2020-05-09;27;Д6;28;Поступило дилеру
861;2020-05-10;3;Д6;56;Поступило дилеру
862;2020-05-11;2;Д8;19;Отдано покупателю
863;2020-05-12;49;Д7;47;Поступило дилеру
864;2020-05-13;11;Д11;48;Поступило дилеру
865;2020-05-14;40;Д1;13;Отдано покупателю
866;2020-05-15;55;Д13;58;Поступило дилеру
867;2020-05-16;63;Д3;36;Поступило дилеру
868;2020-05-17;39;Д4;33;Отдано покупателю
869;2020-05-18;54;Д12;30;Отдано покупателю
870;2020-05-19;36;Д1;36;Поступило дилеру
871;2020-05-20;58;Д2;51;Поступило дилеру
872;2020-05-21;1;Д8;7;Поступило дилеру
873;2020-05-22;7;Д1;12;Поступило дилеру
874;2020-05-23;33;Д10;51;Поступило дилеру
875;2020-05-24;30;Д16;3;Отдано покупателю
876;2020-05-25;24;Д3;40;Поступило дилеру
877;2020-05-26;9;Д9;39;Поступило дилеру
878;2020-05-27;62;Д15;23;Отдано покупателю
879;2020-05-28;41;Д7;41;Отдано покупателю
880;2020-05-29;41;Д16;23;Отдано покупателю
881;2020-05-30;22;Д16;19;Отдано покупателю
882;2020-05-31;9;Д14;17;Поступило дилеру
883;2020-06-01;40;Д2;7;Поступило дилеру
884;2020-06-02;38;Д10;3;Поступило дилеру
885;2020-06-03;28;Д14;52;Поступило дилеру
886;2020-06-04;20;Д16;11;Поступило дилеру
887;2020-06-05;52;Д4;16;Отдано покупателю
888;2020-06-06;52;Д8;20;Поступило дилеру
889;2020-06-07;35;Д16;45;Поступило дилеру
890;2020-06-08;22;Д14;60;Поступило дилеру
891;2020-06-09;16;Д5;10;Поступило дилеру
892;2020-06-10;40;Д8;18;Отдано покупателю
893;2020-06-11;20;Д8;54;Отдано покупателю
894;2020-06-12;37;Д1;28;Отдано покупателю
895;2020-06-13;58;Д4;8;Поступило дилеру
896;2020-06-14;29;Д16;17;Поступило дилеру
897;2020-06-15;34;Д7;26;Отдано покупателю
898;2020-06-16;17;Д7;41;Поступило дилеру
899;2020-06-17;50;Д10;18;Поступило дилеру
900;2020-06-18;62;Д3;55;Поступило дилеру
901;2020-06-19;30;Д13;53;Поступило дилеру
902;2020-06-20;55;Д3;24;Поступило дилеру
903;2020-06-21;8;Д6;52;Отдано покупателю
904;2020-06-22;10;Д2;55;Отдано покупателю
905;2020-06-23;50;Д6;6;Отдано покупателю
906;2020-06-24;5;Д8;5;Поступило дилеру
907;2020-06-25;57;Д1;1;Отдано покупателю
908;2020-06-26;33;Д16;20;Поступило дилеру
909;2020-06-27;32;Д8;41;Отдано покупателю
910;2020-06-28;13;Д15;34;Отдано покупателю
911;2020-06-29;14;Д5;12;Отдано покупателю
912;2020-06-30;61;Д8;21;Отдано покупателю
913;2020-07-01;44;Д8;55;Отдано покупателю
914;2020-07-02;9;Д10;59;Поступило дилеру
915;2020-07-03;34;Д10;29;Поступило дилеру
916;2020-07-04;46;Д14;4;Поступило дилеру
917;2020-07-05;21;Д11;32;Отдано покупателю
918;2020-07-06;3;Д11;8;Отдано покупателю
919;2020-07-07;5;Д3;43;Поступило дилеру
920;2020-07-08;34;Д16;28;Поступило дилеру
921;2020-07-09;41;Д2;20;Поступило дилеру
922;2020-07-10;7;Д11;12;Поступило дилеру
923;2020-07-11;11;Д8;20;Поступило дилеру
924;2020-07-12;18;Д16;59;Поступило дилеру
925;2020-07-13;29;Д14;3;Отдано покупателю
926;2020-07-14;63;Д12;25;Отдано покупателю
927;2020-07-15;13;Д8;57;Поступило дилеру
928;2020-07-16;17;Д14;5;Отдано покупателю
929;2020-07-17;49;Д3;20;Поступило дилеру
930;2020-07-18;11;Д12;48;Поступило дилеру
931;2020-07-19;14;Д11;34;Поступило дилеру
932;2020-07-20;3;Д14;8;Отдано покупателю
933;2020-07-21;36;Д9;35;Поступило дилеру
934;2020-07-22;42;Д1;56;Поступило дилеру
935;2020-07-23;18;Д7;44;Поступило дилеру
936;2020-07-24;59;Д14;55;Поступило дилеру
937;2020-07-25;15;Д15;52;Отдано покупателю
938;2020-07-26;36;Д11;57;Поступило дилеру
939;2020-07-27;34;Д14;1;Поступило дилеру
940;2020-07-28;47;Д14;47;Отдано покупателю
941;2020-07-29;41;Д7;42;Поступило дилеру
942;2020-07-30;48;Д9;44;Поступило дилеру
943;2020-07-31;33;Д4;28;Отдано покупателю
944;2020-08-01;27;Д1;35;Отдано покупателю
945;2020-08-02;16;Д7;33;Поступило дилеру
946;2020-08-03;39;Д10;40;Поступило дилеру
947;2020-08-04;50;Д16;2;Отдано покупателю
948;2020-08-05;12;Д13;52;Поступило дилеру
949;2020-08-06;5;Д16;52;Поступило дилеру
950;2020-08-07;44;Д3;50;Отдано покупателю
951;2020-08-08;51;Д11;36;Поступило дилеру
952;2020-08-09;2;Д11;41;Поступило дилеру
953;2020-08-10;14;Д8;56;Поступило дилеру
954;2020-08-11;59;Д10;41;Поступило дилеру
955;2020-08-12;5;Д6;57;Отдано покупателю
956;2020-08-13;25;Д4;55;Отдано покупателю
957;2020-08-14;52;Д9;9;Поступило дилеру
958;2020-08-15;58;Д13;24;Отдано покупателю
959;2020-08-16;11;Д14;12;Поступило дилеру
960;2020-08-17;8;Д2;52;Отдано покупателю
961;2020-08-18;49;Д2;17;Отдано покупателю
962;2020-08-19;10;Д1;43;Отдано покупателю
963;2020-08-20;4;Д10;1;Отдано покупателю
964;2020-08-21;5;Д1;47;Поступило дилеру
965;2020-08-22;55;Д13;23;Поступило дилеру
966;2020-08-23;43;Д10;27;Поступило дилеру
967;2020-08-24;56;Д10;13;Поступило дилеру
968;2020-08-25;61;Д15;52;Поступило дилеру
969;2020-08-26;32;Д11;25;Отдано покупателю
970;2020-08-27;57;Д5;4;Поступило дилеру
971;2020-08-28;16;Д15;4;Отдано покупателю
972;2020-08-29;31;Д12;48;Поступило дилеру
973;2020-08-30;11;Д6;26;Поступило дилеру
974;2020-08-31;48;Д16;13;Отдано покупателю
975;2020-09-01;1;Д11;6;Отдано покупателю
976;2020-09-02;24;Д10;4;Отдано покупателю
977;2020-09-03;20;Д15;29;Отдано покупателю
978;2020-09-04;64;Д5;23;Поступило дилеру
979;2020-09-05;31;Д14;47;Поступило дилеру
980;2020-09-06;18;Д15;19;Поступило дилеру
981;2020-09-07;57;Д7;46;Отдано покупателю
982;2020-09-08;40;Д8;1;Поступило дилеру
983;2020-09-09;61;Д11;32;Отдано покупателю
984;2020-09-10;56;Д16;14;Отдано покупателю
985;2020-09-11;33;Д7;18;Поступило дилеру
986;2020-09-12;29;Д4;47;Отдано покупателю
987;2020-09-13;64;Д6;3;Отдано покупателю
988;2020-09-14;39;Д4;15;Поступило дилеру
989;2020-09-15;45;Д6;1;Поступило дилеру
990;2020-09-16;11;Д10;38;Поступило дилеру
991;2020-09-17;6;Д12;6;Поступило дилеру
992;2020-09-18;27;Д11;51;Поступило дилеру
993;2020-09-19;2;Д10;46;Отдано покупателю
994;2020-09-20;10;Д2;32;Поступило дилеру
995;2020-09-21;9;Д5;45;Поступило дилеру
996;2020-09-22;22;Д11;15;Поступило дилеру
997;2020-09-23;22;Д12;8;Отдано покупателю
998;2020-09-24;44;Д12;31;Поступило дилеру
999;2020-09-25;37;Д16;58;Отдано покупателю
1000;2020-09-26;1;Д8;48;Поступило дилеру
1001;2020-09-27;30;Д11;15;Отдано покупателю
1002;2020-09-28;6;Д7;9;Отдано покупателю
1003;2020-09-29;25;Д4;44;Отдано покупателю
1004;2020-09-30;21;Д9;16;Отдано покупателю
1005;2020-10-01;53;Д3;46;Поступило дилеру
1006;2020-10-02;40;Д5;37;Отдано покупателю
1007;2020-10-03;38;Д13;43;Отдано покупателю
1008;2020-10-04;41;Д9;48;Поступило дилеру
1009;2020-10-05;7;Д7;27;Поступило дилеру
1010;2020-10-06;32;Д3;56;Поступило дилеру
1011;2020-10-07;36;Д4;32;Отдано покупателю
1012;2020-10-08;40;Д14;5;Отдано покупателю
1013;2020-10-09;47;Д3;36;Отдано покупателю
1014;2020-10-10;26;Д4;57;Отдано покупателю
1015;2020-10-11;17;Д12;25;Отдано покупателю
1016;2020-10-12;9;Д14;51;Отдано покупателю
1017;2020-10-13;23;Д8;31;Поступило дилеру
1018;2020-10-14;31;Д10;9;Поступило дилеру
1019;2020-10-15;30;Д4;36;Поступило дилеру
1020;2020-10-16;51;Д5;52;Отдано покупателю
1021;2020-10-17;34;Д16;11;Поступило дилеру
1022;2020-10-18;40;Д4;29;Поступило дилеру
1023;2020-10-19;16;Д14;26;Поступило дилеру
1024;2020-10-20;32;Д15;3;Поступило дилеру
1025;2020-10-21;29;Д1;23;Отдано покупателю
1026;2020-10-22;32;Д9;47;Поступило дилеру
1027;2020-10-23;4;Д1;7;Поступило дилеру
1028;2020-10-24;45;Д5;43;Поступило дилеру
1029;2020-10-25;58;Д2;13;Отдано покупателю
1030;2020-10-26;34;Д9;10;Поступило дилеру
1031;2020-10-27;13;Д13;55;Поступило дилеру
1032;2020-10-28;23;Д10;20;Отдано покупателю
1033;2020-10-29;25;Д16;57;Поступило дилеру
1034;2020-10-30;12;Д11;49;Поступило дилеру
1035;2020-10-31;14;Д6;30;Отдано покупателю
1036;2020-11-01;2;Д1;11;Поступило дилеру
1037;2020-11-02;12;Д8;44;Поступило дилеру
1038;2020-11-03;20;Д8;39;Поступило дилеру
1039;2020-11-04;38;Д4;55;Отдано покупателю
1040;2020-11-05;41;Д2;22;Поступило дилеру
1041;2020-11-06;45;Д8;50;Отдано покупателю
1042;2020-11-07;3;Д11;1;Поступило дилеру
1043;2020-11-08;14;Д16;21;Поступило дилеру
1044;2020-11-09;32;Д5;16;Поступило дилеру
1045;2020-11-10;28;Д4;38;Поступило дилеру
1046;2020-11-11;21;Д14;8;Отдано покупателю
1047;2020-11-12;37;Д16;13;Поступило дилеру
1048;2020-11-13;16;Д12;36;Поступило дилеру
1049;2020-11-14;31;Д14;27;Отдано покупателю
1050;2020-11-15;41;Д4;41;Отдано покупателю
1051;2020-11-16;30;Д11;41;Поступило дилеру
1052;2020-11-17;34;Д7;30;Поступило дилеру
1053;2020-11-18;12;Д7;10;Поступило дилеру
1054;2020-11-19;22;Д10;58;Отдано покупателю
1055;2020-11-20;53;Д14;59;Поступило дилеру
1056;2020-11-21;57;Д15;39;Отдано покупателю
1057;2020-11-22;53;Д7;7;Поступило дилеру
1058;2020-11-23;5;Д9;41;Поступило дилеру
1059;2020-11-24;60;Д13;23;Поступило дилеру
1060;2020-11-25;9;Д4;55;Отдано покупателю
1061;2020-11-26;57;Д14;60;Отдано покупателю
1062;2020-11-27;16;Д7;49;Поступило дилеру
1063;2020-11-28;37;Д9;42;Поступило дилеру
1064;2020-11-29;33;Д12;50;Отдано покупателю
1065;2020-11-30;61;Д11;39;Поступило дилеру
1066;2020-12-01;39;Д3;11;Поступило дилеру
1067;2020-12-02;7;Д14;10;Отдано покупателю
1068;2020-12-03;9;Д15;15;Поступило дилеру
1069;2020-12-04;30;Д2;13;Поступило дилеру
1070;2020-12-05;42;Д7;23;Отдано покупателю
1071;2020-12-06;10;Д5;23;Поступило дилеру
1072;2020-12-07;38;Д16;34;Отдано покупателю
1073;2020-12-08;1;Д7;43;Поступило дилеру
1074;2020-12-09;62;Д11;22;Отдано покупателю
1075;2020-12-10;21;Д14;15;Отдано покупателю
1076;2020-12-11;53;Д9;21;Отдано покупателю
1077;2020-12-12;18;Д15;39;Отдано покупателю
1078;2020-12-13;28;Д9;23;Отдано покупателю
1079;2020-12-14;48;Д1;4;Поступило дилеру
1080;2020-12-15;54;Д16;33;Отдано покупателю
1081;2020-12-16;3;Д3;60;Отдано покупателю
1082;2020-12-17;45;Д12;8;Поступило дилеру
1083;2020-12-18;40;Д15;20;Отдано покупателю
1084;2020-12-19;52;Д16;18;Отдано покупателю
1085;2020-12-20;50;Д10;27;Поступило дилеру
1086;2020-12-21;38;Д2;51;Отдано покупателю
1087;2020-12-22;14;Д14;51;Поступило дилеру
1088;2020-12-23;34;Д3;3;Отдано покупателю
1089;2020-12-24;35;Д14;26;Поступило дилеру
1090;2020-12-25;43;Д14;58;Поступило дилеру
1091;2020-12-26;59;Д5;18;Поступило дилеру
1092;2020-12-27;30;Д12;39;Отдано покупателю
1093;2020-12-28;24;Д12;14;Поступило дилеру
1094;2020-12-29;1;Д1;50;Поступило дилеру
1095;2020-12-30;48;Д12;15;Отдано покупателю
1096;2020-12-31;24;Д12;1;Отдано покупателю
1097;2021-01-01;14;Д1;36;Поступило дилеру
1098;2021-01-02;18;Д3;4;Отдано покупателю
1099;2021-01-03;45;Д4;16;Поступило дилеру
1100;2021-01-04;29;Д14;49;Отдано покупателю
1101;2021-01-05;23;Д9;5;Отдано покупателю
1102;2021-01-06;60;Д2;10;Поступило дилеру
1103;2021-01-07;18;Д7;46;Поступило дилеру
1104;2021-01-08;59;Д15;37;Поступило дилеру
1105;2021-01-09;49;Д4;35;Поступило дилеру
1106;2021-01-10;27;Д1;34;Поступило дилеру
1107;2021-01-11;22;Д10;26;Поступило дилеру
1108;2021-01-12;11;Д16;44;Поступило дилеру
1109;2021-01-13;40;Д9;40;Поступило дилеру
1110;2021-01-14;26;Д8;59;Отдано покупателю
1111;2021-01-15;1;Д7;6;Поступило дилеру
1112;2021-01-16;9;Д16;32;Поступило дилеру
1113;2021-01-17;61;Д5;22;Поступило дилеру
1114;2021-01-18;16;Д9;41;Поступило дилеру
1115;2021-01-19;27;Д7;42;Отдано покупателю
1116;2021-01-20;18;Д3;11;Поступило дилеру
1117;2021-01-21;4;Д1;9;Отдано покупателю
1118;2021-01-22;64;Д4;30;Отдано покупателю
1119;2021-01-23;53;Д11;1;Поступило дилеру
1120;2021-01-24;14;Д10;60;Поступило дилеру
1121;2021-01-25;14;Д16;3;Поступило дилеру
1122;2021-01-26;42;Д1;55;Отдано покупателю
1123;2021-01-27;26;Д12;46;Поступило дилеру
1124;2021-01-28;33;Д9;45;Отдано покупателю
1125;2021-01-29;60;Д2;42;Поступило дилеру
1126;2021-01-30;60;Д4;38;Поступило дилеру
1127;2021-01-31;9;Д6;25;Поступило дилеру
1128;2021-02-01;47;Д5;41;Поступило дилеру
1129;2021-02-02;46;Д8;17;Поступило дилеру
1130;2021-02-03;4;Д14;4;Поступило дилеру
1131;2021-02-04;60;Д13;37;Отдано покупателю
1132;2021-02-05;50;Д3;57;Поступило дилеру
1133;2021-02-06;34;Д6;6;Поступило дилеру
1134;2021-02-07;11;Д1;18;Поступило дилеру
1135;2021-02-08;31;Д16;19;Отдано покупателю
1136;2021-02-09;3;Д5;44;Отдано покупателю
1137;2021-02-10;53;Д8;21;Отдано покупателю
1138;2021-02-11;56;Д14;26;Поступило дилеру
1139;2021-02-12;54;Д5;13;Поступило дилеру
1140;2021-02-13;50;Д14;44;Отдано покупателю
1141;2021-02-14;39;Д3;46;Поступило дилеру
1142;2021-02-15;40;Д4;23;Отдано покупателю
1143;2021-02-16;39;Д10;9;Поступило дилеру
1144;2021-02-17;33;Д1;7;Поступило дилеру
1145;2021-02-18;1;Д14;15;Отдано покупателю
1146;2021-02-19;35;Д5;32;Поступило дилеру
1147;2021-02-20;4;Д3;4;Поступило дилеру
1148;2021-02-21;12;Д1;12;Отдано покупателю
1149;2021-02-22;35;Д3;58;Поступило дилеру
1150;2021-02-23;62;Д5;19;Отдано покупателю
1151;2021-02-24;10;Д7;59;Поступило дилеру
1152;2021-02-25;26;Д4;19;Поступило дилеру
1153;2021-02-26;47;Д1;7;Поступило дилеру
1154;2021-02-27;55;Д14;29;Поступило дилеру
1155;2021-02-28;24;Д2;40;Отдано покупателю
1156;2021-03-01;23;Д8;37;Поступило дилеру
1157;2021-03-02;49;Д1;24;Поступило дилеру
1158;2021-03-03;28;Д2;53;Отдано покупателю
1159;2021-03-04;31;Д9;45;Поступило дилеру
1160;2021-03-05;22;Д13;6;Поступило дилеру
1161;2021-03-06;28;Д1;19;Поступило дилеру
1162;2021-03-07;15;Д11;34;Поступило дилеру
1163;2021-03-08;14;Д13;6;Поступило дилеру
1164;2021-03-09;57;Д15;3;Отдано покупателю
1165;2021-03-10;26;Д15;30;Отдано покупателю
1166;2021-03-11;9;Д2;47;Поступило дилеру
1167;2021-03-12;33;Д7;39;Поступило дилеру
1168;2021-03-13;20;Д7;14;Отдано покупателю
1169;2021-03-14;13;Д4;6;Поступило дилеру
1170;2021-03-15;55;Д6;10;Отдано покупателю
1171;2021-03-16;47;Д5;11;Поступило дилеру
1172;2021-03-17;28;Д12;1;Отдано покупателю
1173;2021-03-18;12;Д11;35;Поступило дилеру
1174;2021-03-19;13;Д12;4;Отдано покупателю
1175;2021-03-20;24;Д2;56;Поступило дилеру
1176;2021-03-21;44;Д1;58;Отдано покупателю
1177;2021-03-22;53;Д16;9;Поступило дилеру
1178;2021-03-23;14;Д7;57;Отдано покупателю
1179;2021-03-24;30;Д6;31;Поступило дилеру
1180;2021-03-25;4;Д7;24;Поступило дилеру
1181;2021-03-26;53;Д13;32;Отдано покупателю
1182;2021-03-27;59;Д16;29;Отдано покупателю
1183;2021-03-28;7;Д8;53;Поступило дилеру
1184;2021-03-29;27;Д8;18;Отдано покупателю
1185;2021-03-30;20;Д13;37;Отдано покупателю
1186;2021-03-31;31;Д1;7;Поступило дилеру
1187;2021-04-01;28;Д14;56;Отдано покупателю
1188;2021-04-02;25;Д8;37;Поступило дилеру
1189;2021-04-03;61;Д10;52;Отдано покупателю
1190;2021-04-04;12;Д7;12;Поступило дилеру
1191;2021-04-05;28;Д9;47;Отдано покупателю
1192;2021-04-06;4;Д2;59;Отдано покупателю
1193;2021-04-07;37;Д3;58;Поступило дилеру
1194;2021-04-08;33;Д6;46;Поступило дилеру
1195;2021-04-09;19;Д1;25;Поступило дилеру
1196;2021-04-10;10;Д14;27;Отдано покупателю
1197;2021-04-11;48;Д9;49;Поступило дилеру
1198;2021-04-12;63;Д13;39;Поступило дилеру
1199;2021-04-13;7;Д13;2;Поступило дилеру
1200;2021-04-14;14;Д8;46;Поступило дилеру
1201;2021-04-15;3;Д11;52;Поступило дилеру
1202;2021-04-16;62;Д9;25;Поступило дилеру
1203;2021-04-17;34;Д5;11;Поступило дилеру
1204;2021-04-18;4;Д7;12;Отдано покупателю
1205;2021-04-19;36;Д10;30;Отдано покупателю
1206;2021-04-20;3;Д5;54;Отдано покупателю
1207;2021-04-21;29;Д16;18;Отдано покупателю
1208;2021-04-22;28;Д8;56;Поступило дилеру
1209;2021-04-23;18;Д14;57;Поступило дилеру
1210;2021-04-24;18;Д5;37;Отдано покупателю
1211;2021-04-25;11;Д6;19;Поступило дилеру
1212;2021-04-26;20;Д8;55;Отдано покупателю
1213;2021-04-27;39;Д3;39;Поступило дилеру
1214;2021-04-28;55;Д11;29;Отдано покупателю
1215;2021-04-29;63;Д15;14;Поступило дилеру
1216;2021-04-30;18;Д13;9;Поступило дилеру
1217;2021-05-01;43;Д3;54;Отдано покупателю
1218;2021-05-02;52;Д5;24;Поступило дилеру
1219;2021-05-03;53;Д15;33;Поступило дилеру
1220;2021-05-04;14;Д1;55;Поступило дилеру
1221;2021-05-05;43;Д12;49;Поступило дилеру
1222;2021-05-06;42;Д7;26;Поступило дилеру
1223;2021-05-07;49;Д4;15;Отдано покупателю
1224;2021-05-08;35;Д10;7;Отдано покупателю
1225;2021-05-09;26;Д4;43;Отдано покупателю
1226;2021-05-10;54;Д12;59;Отдано покупателю
1227;2021-05-11;1;Д4;49;Отдано покупателю
1228;2021-05-12;3;Д16;50;Поступило дилеру
1229;2021-05-13;32;Д9;2;Поступило дилеру
1230;2021-05-14;36;Д3;51;Поступило дилеру
1231;2021-05-15;17;Д1;15;Поступило дилеру
1232;2021-05-16;10;Д8;52;Поступило дилеру
1233;2021-05-17;44;Д9;30;Отдано покупателю
1234;2021-05-18;21;Д11;58;Поступило дилеру
1235;2021-05-19;12;Д11;46;Отдано покупателю
1236;2021-05-20;49;Д3;11;Поступило дилеру
1237;2021-05-21;17;Д4;43;Поступило дилеру
1238;2021-05-22;64;Д7;23;Поступило дилеру
1239;2021-05-23;11;Д9;39;Поступило дилеру
1240;2021-05-24;3;Д9;18;Поступило дилеру
1241;2021-05-25;28;Д12;19;Поступило дилеру
1242;2021-05-26;35;Д3;59;Отдано покупателю
1243;2021-05-27;21;Д5;37;Отдано покупателю
1244;2021-05-28;51;Д13;18;Поступило дилеру
1245;2021-05-29;30;Д5;16;Отдано покупателю
1246;2021-05-30;45;Д1;45;Поступило дилеру
1247;2021-05-31;16;Д14;21;Поступило дилеру
1248;2021-06-01;30;Д2;8;Поступило дилеру
1249;2021-06-02;64;Д14;12;Поступило дилеру
1250;2021-06-03;55;Д7;51;Отдано покупателю
1251;2021-06-04;50;Д9;32;Поступило дилеру
1252;2021-06-05;17;Д10;6;Поступило дилеру
1253;2021-06-06;25;Д15;30;Отдано покупателю
1254;2021-06-07;16;Д6;60;Поступило дилеру
1255;2021-06-08;61;Д10;4;Поступило дилеру
1256;2021-06-09;15;Д5;19;Поступило дилеру
1257;2021-06-10;33;Д7;38;Поступило дилеру
1258;2021-06-11;56;Д11;14;Отдано покупателю
1259;2021-06-12;22;Д8;7;Поступило дилеру
1260;2021-06-13;36;Д16;50;Поступило дилеру
1261;2021-06-14;27;Д1;21;Отдано покупателю
1262;2021-06-15;20;Д2;52;Поступило дилеру
1263;2021-06-16;3;Д13;1;Отдано покупателю
1264;2021-06-17;10;Д1;24;Поступило дилеру
1265;2021-06-18;33;Д10;47;Поступило дилеру
1266;2021-06-19;39;Д2;33;Поступило дилеру
1267;2021-06-20;53;Д6;59;Отдано покупателю
1268;2021-06-21;50;Д8;53;Поступило дилеру
1269;2021-06-22;57;Д8;1;Поступило дилеру
1270;2021-06-23;45;Д11;1;Поступило дилеру
1271;2021-06-24;38;Д13;40;Отдано покупателю
1272;2021-06-25;41;Д7;58;Поступило дилеру
1273;2021-06-26;3;Д3;31;Поступило дилеру
1274;2021-06-27;45;Д7;33;Отдано покупателю
1275;2021-06-28;64;Д7;7;Поступило дилеру
1276;2021-06-29;16;Д7;30;Поступило дилеру
1277;2021-06-30;19;Д2;60;Отдано покупателю
1278;2021-07-01;53;Д13;57;Отдано покупателю
1279;2021-07-02;64;Д6;24;Поступило дилеру
1280;2021-07-03;22;Д3;48;Поступило дилеру
1281;2021-07-04;11;Д4;33;Поступило дилеру
1282;2021-07-05;21;Д14;5;Поступило дилеру
1283;2021-07-06;46;Д10;19;Отдано покупателю
1284;2021-07-07;53;Д11;29;Поступило дилеру
1285;2021-07-08;37;Д5;19;Поступило дилеру
1286;2021-07-09;40;Д6;37;Поступило дилеру
1287;2021-07-10;11;Д14;10;Поступило дилеру
1288;2021-07-11;34;Д14;8;Поступило дилеру
1289;2021-07-12;57;Д3;12;Поступило дилеру
1290;2021-07-13;20;Д9;45;Отдано покупателю
1291;2021-07-14;11;Д9;25;Отдано покупателю
1292;2021-07-15;9;Д14;34;Поступило дилеру
1293;2021-07-16;5;Д14;53;Поступило дилеру
1294;2021-07-17;32;Д10;10;Поступило дилеру
1295;2021-07-18;26;Д4;9;Отдано покупателю
1296;2021-07-19;51;Д4;23;Поступило дилеру
1297;2021-07-20;46;Д7;32;Поступило дилеру
1298;2021-07-21;60;Д15;17;Поступило дилеру
1299;2021-07-22;58;Д3;22;Отдано покупателю
1300;2021-07-23;19;Д4;2;Отдано покупателю
1301;2021-07-24;45;Д7;33;Поступило дилеру
1302;2021-07-25;6;Д12;19;Поступило дилеру
1303;2021-07-26;57;Д12;25;Поступило дилеру
1304;2021-07-27;54;Д12;14;Отдано покупателю
1305;2021-07-28;14;Д13;24;Поступило дилеру
1306;2021-07-29;30;Д8;26;Поступило дилеру
1307;2021-07-30;31;Д6;10;Поступило дилеру
1308;2021-07-31;50;Д15;1;Поступило дилеру
1309;2021-08-01;8;Д15;25;Отдано покупателю
1310;2021-08-02;54;Д4;54;Поступило дилеру
1311;2021-08-03;22;Д5;8;Отдано покупателю
1312;2021-08-04;4;Д6;33;Поступило дилеру
1313;2021-08-05;46;Д3;52;Отдано покупателю
1314;2021-08-06;30;Д8;50;Отдано покупателю
1315;2021-08-07;24;Д5;14;Поступило дилеру
1316;2021-08-08;35;Д1;39;Отдано покупателю
1317;2021-08-09;52;Д13;54;Поступило дилеру
1318;2021-08-10;39;Д7;5;Поступило дилеру
1319;2021-08-11;3;Д3;55;Поступило дилеру
1320;2021-08-12;44;Д13;2;Отдано покупателю
1321;2021-08-13;51;Д4;18;Поступило дилеру
1322;2021-08-14;56;Д10;58;Поступило дилеру
1323;2021-08-15;42;Д15;12;Поступило дилеру
1324;2021-08-16;38;Д2;49;Поступило дилеру
1325;2021-08-17;51;Д12;40;Поступило дилеру
1326;2021-08-18;36;Д14;51;Поступило дилеру
1327;2021-08-19;6;Д12;59;Поступило дилеру
1328;2021-08-20;27;Д3;44;Поступило дилеру
1329;2021-08-21;41;Д15;49;Отдано покупателю
1330;2021-08-22;44;Д12;44;Поступило дилеру
1331;2021-08-23;10;Д2;12;Отдано покупателю
1332;2021-08-24;29;Д2;30;Поступило дилеру
1333;2021-08-25;22;Д1;5;Отдано покупателю
1334;2021-08-26;39;Д8;51;Поступило дилеру
1335;2021-08-27;19;Д11;22;Отдано покупателю
1336;2021-08-28;46;Д5;52;Отдано покупателю
1337;2021-08-29;26;Д10;12;Отдано покупателю
1338;2021-08-30;49;Д10;39;Поступило дилеру
1339;2021-08-31;38;Д3;32;Поступило дилеру
1340;2021-09-01;51;Д5;22;Поступило дилеру
1341;2021-09-02;13;Д5;32;Отдано покупателю
1342;2021-09-03;30;Д6;30;Отдано покупателю
1343;2021-09-04;24;Д8;39;Поступило дилеру
1344;2021-09-05;24;Д16;36;Поступило дилеру
1345;2021-09-06;15;Д14;23;Поступило дилеру
1346;2021-09-07;47;Д3;56;Поступило дилеру
1347;2021-09-08;48;Д5;4;Поступило дилеру
1348;2021-09-09;49;Д7;38;Отдано покупателю
1349;2021-09-10;37;Д1;33;Отдано покупателю
1350;2021-09-11;17;Д15;50;Поступило дилеру
1351;2021-09-12;56;Д8;14;Поступило дилеру
1352;2021-09-13;1;Д10;50;Поступило дилеру
1353;2021-09-14;22;Д12;12;Отдано покупателю
1354;2021-09-15;37;Д11;35;Поступило дилеру
1355;2021-09-16;35;Д2;16;Поступило дилеру
1356;2021-09-17;35;Д9;5;Поступило дилеру
1357;2021-09-18;31;Д10;42;Поступило дилеру
1358;2021-09-19;61;Д12;31;Поступило дилеру
1359;2021-09-20;64;Д4;5;Поступило дилеру
1360;2021-09-21;16;Д12;58;Поступило дилеру
1361;2021-09-22;29;Д13;24;Поступило дилеру
1362;2021-09-23;46;Д3;28;Поступило дилеру
1363;2021-09-24;51;Д7;33;Отдано покупателю
1364;2021-09-25;6;Д12;22;Поступило дилеру
1365;2021-09-26;4;Д5;2;Поступило дилеру
1366;2021-09-27;4;Д13;12;Поступило дилеру
1367;2021-09-28;38;Д14;15;Отдано покупателю
1368;2021-09-29;31;Д3;7;Отдано покупателю
1369;2021-09-30;17;Д4;60;Поступило дилеру
1370;2021-10-01;8;Д9;51;Отдано покупателю
1371;2021-10-02;54;Д13;44;Поступило дилеру
1372;2021-10-03;24;Д14;49;Поступило дилеру
1373;2021-10-04;41;Д5;50;Отдано покупателю
1374;2021-10-05;7;Д1;9;Поступило дилеру
1375;2021-10-06;21;Д3;32;Отдано покупателю
1376;2021-10-07;30;Д1;14;Поступило дилеру
1377;2021-10-08;8;Д7;8;Поступило дилеру
1378;2021-10-09;43;Д14;15;Отдано покупателю
1379;2021-10-10;59;Д10;10;Отдано покупателю
1380;2021-10-11;53;Д1;28;Поступило дилеру
1381;2021-10-12;15;Д2;3;Отдано покупателю
1382;2021-10-13;33;Д8;3;Поступило дилеру
1383;2021-10-14;56;Д2;39;Поступило дилеру
1384;2021-10-15;28;Д5;26;Поступило дилеру
1385;2021-10-16;57;Д6;56;Поступило дилеру
1386;2021-10-17;36;Д3;27;Отдано покупателю
1387;2021-10-18;21;Д5;32;Поступило дилеру
1388;2021-10-19;51;Д10;45;Отдано покупателю
1389;2021-10-20;42;Д5;5;Отдано покупателю
1390;2021-10-21;43;Д7;52;Поступило дилеру
1391;2021-10-22;57;Д7;13;Поступило дилеру
1392;2021-10-23;51;Д15;50;Отдано покупателю
1393;2021-10-24;18;Д12;10;Поступило дилеру
1394;2021-10-25;27;Д9;23;Поступило дилеру
1395;2021-10-26;59;Д12;53;Поступило дилеру
1396;2021-10-27;47;Д9;35;Отдано покупателю
1397;2021-10-28;13;Д14;55;Отдано покупателю
1398;2021-10-29;23;Д16;2;Отдано покупателю
1399;2021-10-30;14;Д14;36;Отдано покупателю
1400;2021-10-31;34;Д11;9;Поступило дилеру
1401;2021-11-01;6;Д4;25;Отдано покупателю
1402;2021-11-02;12;Д6;15;Отдано покупателю
1403;2021-11-03;10;Д15;37;Отдано покупателю
1404;2021-11-04;5;Д5;46;Отдано покупателю
1405;2021-11-05;16;Д6;37;Отдано покупателю
1406;2021-11-06;48;Д3;28;Отдано покупателю
1407;2021-11-07;52;Д8;32;Поступило дилеру
1408;2021-11-08;31;Д2;44;Отдано покупателю
1409;2021-11-09;39;Д12;7;Поступило дилеру
1410;2021-11-10;59;Д12;58;Поступило дилеру
1411;2021-11-11;41;Д14;20;Отдано покупателю
1412;2021-11-12;16;Д9;18;Поступило дилеру
1413;2021-11-13;54;Д1;6;Отдано покупателю
1414;2021-11-14;12;Д16;1;Отдано покупателю
1415;2021-11-15;38;Д3;9;Поступило дилеру
1416;2021-11-16;17;Д2;50;Отдано покупателю
1417;2021-11-17;42;Д13;31;Отдано покупателю
1418;2021-11-18;33;Д4;28;Отдано покупателю
1419;2021-11-19;57;Д7;38;Поступило дилеру
1420;2021-11-20;52;Д10;57;Отдано покупателю
1421;2021-11-21;54;Д5;21;Поступило дилеру
1422;2021-11-22;33;Д15;13;Отдано покупателю
1423;2021-11-23;2;Д14;26;Поступило дилеру
1424;2021-11-24;1;Д5;19;Отдано покупателю
1425;2021-11-25;26;Д2;44;Поступило дилеру
1426;2021-11-26;13;Д6;7;Поступило дилеру
1427;2021-11-27;6;Д12;49;Отдано покупателю
1428;2021-11-28;30;Д15;14;Поступило дилеру
1429;2021-11-29;56;Д4;51;Отдано покупателю
1430;2021-11-30;59;Д8;15;Поступило дилеру
1431;2021-12-01;39;Д7;45;Отдано покупателю
1432;2021-12-02;50;Д1;19;Поступило дилеру
1433;2021-12-03;55;Д4;27;Отдано покупателю
1434;2021-12-04;61;Д12;45;Поступило дилеру
1435;2021-12-05;42;Д1;5;Поступило дилеру
1436;2021-12-06;63;Д9;12;Поступило дилеру
1437;2021-12-07;45;Д7;46;Поступило дилеру
1438;2021-12-08;60;Д1;48;Поступило дилеру
1439;2021-12-09;59;Д1;49;Поступило дилеру
1440;2021-12-10;9;Д7;5;Поступило дилеру
1441;2021-12-11;18;Д1;47;Отдано покупателю
1442;2021-12-12;2;Д14;17;Поступило дилеру
1443;2021-12-13;37;Д12;29;Поступило дилеру
1444;2021-12-14;44;Д12;12;Отдано покупателю
1445;2021-12-15;27;Д15;34;Поступило дилеру
1446;2021-12-16;21;Д9;43;Поступило дилеру
1447;2021-12-17;6;Д14;5;Поступило дилеру
1448;2021-12-18;26;Д1;43;Отдано покупателю
1449;2021-12-19;29;Д2;40;Поступило дилеру
1450;2021-12-20;56;Д3;46;Поступило дилеру
1451;2021-12-21;3;Д4;21;Отдано покупателю
1452;2021-12-22;49;Д4;12;Отдано покупателю
1453;2021-12-23;54;Д4;3;Поступило дилеру
1454;2021-12-24;58;Д9;56;Поступило дилеру
1455;2021-12-25;23;Д11;11;Отдано покупателю
1456;2021-12-26;53;Д16;32;Отдано покупателю
1457;2021-12-27;27;Д16;37;Поступило дилеру
1458;2021-12-28;22;Д8;6;Поступило дилеру
1459;2021-12-29;7;Д15;48;Отдано покупателю
1460;2021-12-30;15;Д6;31;Поступило дилеру
1461;2021-12-31;17;Д7;25;Отдано покупателю
1462;2022-01-01;42;Д6;23;Поступило дилеру
1463;2022-01-02;23;Д8;37;Поступило дилеру
1464;2022-01-03;12;Д15;33;Отдано покупателю
1465;2022-01-04;16;Д14;18;Отдано покупателю
1466;2022-01-05;23;Д12;2;Поступило дилеру
1467;2022-01-06;34;Д9;23;Отдано покупателю
1468;2022-01-07;55;Д10;44;Поступило дилеру
1469;2022-01-08;51;Д3;18;Поступило дилеру
1470;2022-01-09;2;Д10;24;Поступило дилеру
1471;2022-01-10;10;Д10;29;Поступило дилеру
1472;2022-01-11;23;Д13;25;Поступило дилеру
1473;2022-01-12;4;Д4;47;Отдано покупателю
1474;2022-01-13;49;Д10;11;Поступило дилеру
1475;2022-01-14;50;Д12;46;Отдано покупателю
1476;2022-01-15;34;Д11;25;Поступило дилеру
1477;2022-01-16;41;Д13;43;Отдано покупателю
1478;2022-01-17;57;Д12;57;Отдано покупателю
1479;2022-01-18;45;Д8;14;Поступило дилеру
1480;2022-01-19;18;Д12;19;Поступило дилеру
1481;2022-01-20;23;Д12;6;Отдано покупателю
1482;2022-01-21;34;Д2;58;Поступило дилеру
1483;2022-01-22;50;Д14;33;Поступило дилеру
1484;2022-01-23;11;Д15;37;Поступило дилеру
1485;2022-01-24;32;Д8;29;Отдано покупателю
1486;2022-01-25;11;Д14;38;Поступило дилеру
1487;2022-01-26;60;Д6;39;Поступило дилеру
1488;2022-01-27;46;Д9;17;Поступило дилеру
1489;2022-01-28;58;Д5;8;Поступило дилеру
1490;2022-01-29;41;Д9;33;Поступило дилеру
1491;2022-01-30;31;Д10;40;Поступило дилеру
1492;2022-01-31;3;Д10;60;Отдано покупателю
1493;2022-02-01;23;Д7;25;Поступило дилеру
1494;2022-02-02;26;Д3;35;Отдано покупателю
1495;2022-02-03;49;Д5;20;Поступило дилеру
1496;2022-02-04;59;Д7;10;Отдано покупателю
1497;2022-02-05;38;Д6;32;Поступило дилеру
1498;2022-02-06;24;Д9;46;Поступило дилеру
1499;2022-02-07;37;Д9;37;Отдано покупателю
1500;2022-02-08;9;Д10;57;Отдано покупателю
1501;2022-02-09;48;Д14;8;Поступило дилеру
1502;2022-02-10;60;Д8;19;Отдано покупателю
1503;2022-02-11;40;Д12;14;Поступило дилеру
1504;2022-02-12;17;Д4;25;Поступило дилеру
1505;2022-02-13;24;Д7;31;Отдано покупателю
1506;2022-02-14;11;Д16;48;Поступило дилеру
1507;2022-02-15;61;Д2;48;Поступило дилеру
1508;2022-02-16;63;Д2;4;Отдано покупателю
1509;2022-02-17;13;Д11;18;Отдано покупателю
1510;2022-02-18;1;Д5;12;Отдано покупателю
1511;2022-02-19;5;Д8;15;Отдано покупателю
1512;2022-02-20;20;Д12;47;Отдано покупателю
1513;2022-02-21;51;Д2;13;Отдано покупателю
1514;2022-02-22;34;Д7;16;Поступило дилеру
1515;2022-02-23;56;Д7;5;Отдано покупателю
1516;2022-02-24;56;Д2;5;Поступило дилеру
1517;2022-02-25;56;Д15;54;Отдано покупателю
1518;2022-02-26;34;Д4;19;Поступило дилеру
1519;2022-02-27;41;Д7;7;Отдано покупателю
1520;2022-02-28;30;Д14;49;Отдано покупателю
1521;2022-03-01;39;Д10;4;Отдано покупателю
1522;2022-03-02;33;Д10;30;Поступило дилеру
1523;2022-03-03;11;Д11;4;Поступило дилеру
1524;2022-03-04;20;Д15;43;Отдано покупателю
1525;2022-03-05;46;Д3;26;Поступило дилеру
1526;2022-03-06;48;Д6;30;Поступило дилеру
1527;2022-03-07;38;Д2;59;Отдано покупателю
1528;2022-03-08;5;Д5;48;Поступило дилеру
1529;2022-03-09;29;Д2;6;Поступило дилеру
1530;2022-03-10;35;Д1;17;Отдано покупателю
1531;2022-03-11;27;Д5;11;Отдано покупателю
1532;2022-03-12;10;Д11;23;Отдано покупателю
1533;2022-03-13;47;Д3;38;Отдано покупателю
1534;2022-03-14;33;Д11;36;Отдано покупателю
1535;2022-03-15;53;Д12;10;Отдано покупателю
1536;2022-03-16;46;Д15;13;Поступило дилеру
1537;2022-03-17;38;Д15;59;Отдано покупателю
1538;2022-03-18;41;Д6;52;Отдано покупателю
1539;2022-03-19;30;Д8;7;Поступило дилеру
1540;2022-03-20;6;Д4;26;Поступило дилеру
1541;2022-03-21;9;Д5;52;Поступило дилеру
1542;2022-03-22;48;Д12;5;Поступило дилеру
1543;2022-03-23;12;Д7;2;Отдано покупателю
1544;2022-03-24;21;Д1;37;Отдано покупателю
1545;2022-03-25;5;Д14;17;Отдано покупателю
1546;2022-03-26;19;Д10;24;Поступило дилеру
1547;2022-03-27;39;Д7;20;Поступило дилеру
1548;2022-03-28;61;Д1;17;Поступило дилеру
1549;2022-03-29;7;Д11;53;Отдано покупателю
1550;2022-03-30;23;Д7;53;Отдано покупателю
1551;2022-03-31;52;Д8;59;Отдано покупателю
1552;2022-04-01;63;Д8;44;Отдано покупателю
1553;2022-04-02;21;Д4;44;Поступило дилеру
1554;2022-04-03;36;Д5;37;Поступило дилеру
1555;2022-04-04;7;Д8;35;Отдано покупателю
1556;2022-04-05;62;Д13;37;Поступило дилеру
1557;2022-04-06;22;Д5;38;Поступило дилеру
1558;2022-04-07;5;Д1;55;Поступило дилеру
1559;2022-04-08;4;Д2;55;Отдано покупателю
1560;2022-04-09;34;Д16;60;Отдано покупателю
1561;2022-04-10;33;Д14;8;Отдано покупателю
1562;2022-04-11;36;Д16;51;Отдано покупателю
1563;2022-04-12;21;Д2;35;Отдано покупателю
1564;2022-04-13;23;Д14;32;Поступило дилеру
1565;2022-04-14;21;Д9;45;Поступило дилеру
1566;2022-04-15;28;Д6;1;Поступило дилеру
1567;2022-04-16;5;Д16;15;Отдано покупателю
1568;2022-04-17;63;Д1;16;Поступило дилеру
1569;2022-04-18;26;Д11;26;Поступило дилеру
1570;2022-04-19;40;Д15;24;Отдано покупателю
1571;2022-04-20;24;Д3;6;Отдано покупателю
1572;2022-04-21;14;Д10;52;Отдано покупателю
1573;2022-04-22;7;Д12;58;Поступило дилеру
1574;2022-04-23;50;Д14;51;Поступило дилеру
1575;2022-04-24;58;Д3;49;Отдано покупателю
1576;2022-04-25;54;Д9;6;Поступило дилеру
1577;2022-04-26;33;Д13;58;Отдано покупателю
1578;2022-04-27;24;Д3;6;Поступило дилеру
1579;2022-04-28;48;Д5;30;Отдано покупателю
1580;2022-04-29;3;Д16;11;Поступило дилеру
1581;2022-04-30;18;Д6;50;Отдано покупателю
1582;2022-05-01;58;Д1;45;Поступило дилеру
1583;2022-05-02;32;Д10;54;Поступило дилеру
1584;2022-05-03;26;Д11;7;Отдано покупателю
1585;2022-05-04;40;Д14;19;Поступило дилеру
1586;2022-05-05;64;Д2;46;Поступило дилеру
1587;2022-05-06;43;Д7;53;Поступило дилеру
1588;2022-05-07;12;Д1;11;Отдано покупателю
1589;2022-05-08;56;Д13;38;Поступило дилеру
1590;2022-05-09;53;Д6;18;Отдано покупателю
1591;2022-05-10;47;Д7;44;Поступило дилеру
1592;2022-05-11;28;Д14;31;Отдано покупателю
1593;2022-05-12;17;Д5;7;Поступило дилеру
1594;2022-05-13;39;Д14;29;Поступило дилеру
1595;2022-05-14;16;Д7;27;Отдано покупателю
1596;2022-05-15;32;Д9;52;Отдано покупателю
1597;2022-05-16;63;Д14;55;Отдано покупателю
1598;2022-05-17;63;Д14;20;Поступило дилеру
1599;2022-05-18;47;Д9;19;Отдано покупателю
1600;2022-05-19;46;Д2;16;Отдано покупателю
1601;2022-05-20;21;Д12;20;Поступило дилеру
1602;2022-05-21;26;Д8;2;Отдано покупателю
1603;2022-05-22;62;Д2;36;Отдано покупателю
1604;2022-05-23;5;Д3;21;Поступило дилеру
1605;2022-05-24;60;Д7;52;Отдано покупателю
1606;2022-05-25;12;Д5;41;Поступило дилеру
1607;2022-05-26;22;Д7;58;Поступило дилеру
1608;2022-05-27;52;Д15;29;Отдано покупателю
1609;2022-05-28;8;Д2;55;Отдано покупателю
1610;2022-05-29;8;Д4;3;Отдано покупателю
1611;2022-05-30;11;Д16;38;Отдано покупателю
1612;2022-05-31;17;Д10;57;Поступило дилеру
1613;2022-06-01;61;Д5;51;Поступило дилеру
1614;2022-06-02;16;Д6;15;Поступило дилеру
1615;2022-06-03;23;Д8;41;Отдано покупателю
1616;2022-06-04;24;Д13;42;Поступило дилеру
1617;2022-06-05;30;Д11;7;Отдано покупателю
1618;2022-06-06;43;Д12;60;Отдано покупателю
1619;2022-06-07;8;Д13;15;Поступило дилеру
1620;2022-06-08;38;Д12;49;Поступило дилеру
1621;2022-06-09;62;Д14;18;Отдано покупателю
1622;2022-06-10;49;Д4;47;Поступило дилеру
1623;2022-06-11;29;Д7;60;Поступило дилеру
1624;2022-06-12;26;Д13;53;Отдано покупателю
1625;2022-06-13;23;Д6;40;Поступило дилеру
1626;2022-06-14;15;Д8;16;Поступило дилеру
1627;2022-06-15;32;Д8;51;Отдано покупателю
1628;2022-06-16;63;Д4;59;Отдано покупателю
1629;2022-06-17;14;Д8;17;Отдано покупателю
1630;2022-06-18;49;Д1;43;Отдано покупателю
1631;2022-06-19;57;Д6;23;Поступило дилеру
1632;2022-06-20;62;Д11;39;Поступило дилеру
1633;2022-06-21;63;Д1;37;Отдано покупателю
1634;2022-06-22;39;Д4;5;Поступило дилеру
1635;2022-06-23;60;Д6;56;Поступило дилеру
1636;2022-06-24;16;Д11;43;Поступило дилеру
1637;2022-06-25;7;Д3;34;Отдано покупателю
1638;2022-06-26;36;Д15;9;Поступило дилеру
1639;2022-06-27;29;Д9;1;Поступило дилеру
1640;2022-06-28;1;Д15;43;Отдано покупателю
1641;2022-06-29;5;Д6;6;Отдано покупателю
1642;2022-06-30;54;Д12;55;Отдано покупателю
1643;2022-07-01;60;Д4;15;Поступило дилеру
1644;2022-07-02;21;Д13;19;Отдано покупателю
1645;2022-07-03;26;Д11;52;Поступило дилеру
1646;2022-07-04;23;Д9;44;Отдано покупателю
1647;2022-07-05;12;Д16;18;Поступило дилеру
1648;2022-07-06;21;Д9;56;Отдано покупателю
1649;2022-07-07;42;Д6;57;Поступило дилеру
1650;2022-07-08;40;Д12;10;Отдано покупателю
1651;2022-07-09;26;Д16;51;Поступило дилеру
1652;2022-07-10;2;Д11;58;Поступило дилеру
1653;2022-07-11;15;Д16;42;Отдано покупателю
1654;2022-07-12;24;Д8;49;Поступило дилеру
1655;2022-07-13;19;Д8;52;Поступило дилеру
1656;2022-07-14;14;Д9;4;Поступило дилеру
1657;2022-07-15;28;Д9;23;Поступило дилеру
1658;2022-07-16;6;Д8;46;Поступило дилеру
1659;2022-07-17;18;Д9;30;Поступило дилеру
1660;2022-07-18;28;Д2;34;Поступило дилеру
1661;2022-07-19;15;Д2;14;Отдано покупателю
1662;2022-07-20;40;Д7;45;Поступило дилеру
1663;2022-07-21;48;Д12;31;Поступило дилеру
1664;2022-07-22;18;Д2;23;Поступило дилеру
1665;2022-07-23;61;Д15;46;Поступило дилеру
1666;2022-07-24;55;Д1;48;Отдано покупателю
1667;2022-07-25;57;Д13;48;Поступило дилеру
1668;2022-07-26;9;Д3;57;Поступило дилеру
1669;2022-07-27;64;Д1;12;Отдано покупателю
1670;2022-07-28;7;Д3;25;Поступило дилеру
1671;2022-07-29;63;Д7;5;Поступило дилеру
1672;2022-07-30;23;Д12;53;Поступило дилеру
1673;2022-07-31;38;Д2;8;Поступило дилеру
1674;2022-08-01;47;Д15;26;Отдано покупателю
1675;2022-08-02;5;Д7;42;Поступило дилеру
1676;2022-08-03;32;Д15;23;Поступило дилеру
1677;2022-08-04;41;Д10;1;Отдано покупателю
1678;2022-08-05;53;Д13;7;Отдано покупателю
1679;2022-08-06;4;Д14;36;Отдано покупателю
1680;2022-08-07;15;Д14;34;Отдано покупателю
1681;2022-08-08;49;Д7;40;Отдано покупателю
1682;2022-08-09;23;Д1;53;Отдано покупателю
1683;2022-08-10;14;Д10;34;Поступило дилеру
1684;2022-08-11;34;Д11;23;Поступило дилеру
1685;2022-08-12;26;Д15;16;Поступило дилеру
1686;2022-08-13;29;Д16;33;Отдано покупателю
1687;2022-08-14;31;Д8;55;Поступило дилеру
1688;2022-08-15;36;Д8;60;Отдано покупателю
1689;2022-08-16;42;Д4;16;Поступило дилеру
1690;2022-08-17;48;Д4;24;Отдано покупателю
1691;2022-08-18;5;Д10;41;Поступило дилеру
1692;2022-08-19;31;Д15;44;Поступило дилеру
1693;2022-08-20;53;Д4;10;Поступило дилеру
1694;2022-08-21;29;Д4;32;Отдано покупателю
1695;2022-08-22;57;Д16;60;Поступило дилеру
1696;2022-08-23;49;Д2;31;Поступило дилеру
1697;2022-08-24;37;Д13;47;Отдано покупателю
1698;2022-08-25;63;Д5;33;Отдано покупателю
1699;2022-08-26;1;Д1;19;Поступило дилеру
1700;2022-08-27;19;Д4;24;Поступило дилеру
1701;2022-08-28;39;Д7;16;Поступило дилеру
1702;2022-08-29;55;Д16;12;Поступило дилеру
1703;2022-08-30;57;Д9;21;Отдано покупателю
1704;2022-08-31;29;Д11;34;Поступило дилеру
1705;2022-09-01;27;Д9;13;Поступило дилеру
1706;2022-09-02;25;Д1;53;Поступило дилеру
1707;2022-09-03;36;Д5;16;Поступило дилеру
1708;2022-09-04;61;Д6;13;Отдано покупателю
1709;2022-09-05;27;Д14;2;Отдано покупателю
1710;2022-09-06;14;Д8;18;Поступило дилеру
1711;2022-09-07;1;Д1;1;Поступило дилеру
1712;2022-09-08;17;Д15;32;Поступило дилеру
1713;2022-09-09;43;Д1;51;Поступило дилеру
1714;2022-09-10;59;Д12;21;Отдано покупателю
1715;2022-09-11;38;Д11;56;Поступило дилеру
1716;2022-09-12;53;Д11;34;Отдано покупателю
1717;2022-09-13;10;Д10;53;Отдано покупателю
1718;2022-09-14;59;Д12;33;Поступило дилеру
1719;2022-09-15;9;Д4;7;Отдано покупателю
1720;2022-09-16;57;Д1;46;Отдано покупателю
1721;2022-09-17;10;Д3;49;Поступило дилеру
1722;2022-09-18;12;Д4;23;Поступило дилеру
1723;2022-09-19;39;Д16;20;Поступило дилеру
1724;2022-09-20;11;Д8;17;Поступило дилеру
1725;2022-09-21;27;Д5;11;Поступило дилеру
1726;2022-09-22;29;Д3;31;Поступило дилеру
1727;2022-09-23;62;Д8;4;Поступило дилеру
1728;2022-09-24;47;Д14;43;Отдано покупателю
1729;2022-09-25;10;Д10;60;Отдано покупателю
1730;2022-09-26;43;Д11;27;Отдано покупателю
1731;2022-09-27;5;Д14;42;Поступило дилеру
1732;2022-09-28;40;Д2;51;Поступило дилеру
1733;2022-09-29;54;Д8;25;Отдано покупателю
1734;2022-09-30;51;Д10;44;Поступило дилеру
1735;2022-10-01;20;Д16;12;Поступило дилеру
1736;2022-10-02;40;Д10;46;Отдано покупателю
1737;2022-10-03;25;Д12;52;Отдано покупателю
1738;2022-10-04;16;Д14;26;Отдано покупателю
1739;2022-10-05;14;Д9;45;Поступило дилеру
1740;2022-10-06;62;Д5;36;Отдано покупателю
1741;2022-10-07;54;Д15;45;Поступило дилеру
1742;2022-10-08;48;Д13;10;Поступило дилеру
1743;2022-10-09;29;Д9;32;Поступило дилеру
1744;2022-10-10;26;Д8;49;Поступило дилеру
1745;2022-10-11;33;Д11;60;Поступило дилеру
1746;2022-10-12;8;Д6;37;Отдано покупателю
1747;2022-10-13;7;Д13;32;Отдано покупателю
1748;2022-10-14;39;Д12;25;Поступило дилеру
1749;2022-10-15;58;Д12;4;Отдано покупателю
1750;2022-10-16;43;Д15;16;Отдано покупателю
1751;2022-10-17;62;Д6;60;Поступило дилеру
1752;2022-10-18;12;Д2;59;Отдано покупателю
1753;2022-10-19;41;Д4;52;Поступило дилеру
1754;2022-10-20;16;Д14;5;Поступило дилеру
1755;2022-10-21;25;Д5;31;Поступило дилеру
1756;2022-10-22;28;Д2;58;Поступило дилеру
1757;2022-10-23;33;Д5;34;Поступило дилеру
1758;2022-10-24;9;Д15;46;Отдано покупателю
1759;2022-10-25;20;Д9;16;Поступило дилеру
1760;2022-10-26;62;Д16;9;Поступило дилеру
1761;2022-10-27;2;Д5;34;Отдано покупателю
1762;2022-10-28;53;Д2;50;Отдано покупателю
1763;2022-10-29;12;Д13;48;Поступило дилеру
1764;2022-10-30;4;Д13;23;Отдано покупателю
1765;2022-10-31;6;Д15;15;Поступило дилеру
1766;2022-11-01;5;Д10;28;Поступило дилеру
1767;2022-11-02;60;Д4;12;Поступило дилеру
1768;2022-11-03;51;Д6;50;Поступило дилеру
1769;2022-11-04;29;Д16;34;Отдано покупателю
1770;2022-11-05;25;Д2;42;Отдано покупателю
1771;2022-11-06;25;Д7;25;Отдано покупателю
1772;2022-11-07;51;Д11;20;Поступило дилеру
1773;2022-11-08;49;Д4;9;Отдано покупателю
1774;2022-11-09;21;Д1;15;Поступило дилеру
1775;2022-11-10;18;Д2;51;Отдано покупателю
1776;2022-11-11;17;Д3;46;Поступило дилеру
1777;2022-11-12;62;Д13;9;Поступило дилеру
1778;2022-11-13;43;Д3;38;Отдано покупателю
1779;2022-11-14;29;Д2;15;Поступило дилеру
1780;2022-11-15;7;Д11;33;Поступило дилеру
1781;2022-11-16;7;Д2;12;Поступило дилеру
1782;2022-11-17;59;Д6;33;Поступило дилеру
1783;2022-11-18;45;Д2;28;Поступило дилеру
1784;2022-11-19;29;Д8;37;Отдано покупателю
1785;2022-11-20;19;Д14;19;Поступило дилеру
1786;2022-11-21;48;Д16;10;Отдано покупателю
1787;2022-11-22;29;Д5;30;Отдано покупателю
1788;2022-11-23;58;Д6;41;Поступило дилеру
1789;2022-11-24;48;Д8;5;Поступило дилеру
1790;2022-11-25;10;Д10;20;Поступило дилеру
1791;2022-11-26;28;Д4;9;Отдано покупателю
1792;2022-11-27;53;Д12;48;Отдано покупателю
1793;2022-11-28;19;Д13;16;Поступило дилеру
1794;2022-11-29;9;Д10;22;Поступило дилеру
1795;2022-11-30;46;Д14;35;Поступило дилеру
1796;2022-12-01;18;Д13;24;Поступило дилеру
1797;2022-12-02;39;Д14;33;Поступило дилеру
1798;2022-12-03;33;Д9;31;Поступило дилеру
1799;2022-12-04;57;Д2;32;Поступило дилеру
1800;2022-12-05;60;Д1;34;Поступило дилеру
1801;2022-12-06;58;Д14;42;Отдано покупателю
1802;2022-12-07;34;Д15;37;Поступило дилеру
1803;2022-12-08;43;Д5;26;Поступило дилеру
1804;2022-12-09;3;Д13;29;Отдано покупателю
1805;2022-12-10;18;Д6;24;Поступило дилеру
1806;2022-12-11;33;Д1;23;Поступило дилеру
1807;2022-12-12;36;Д13;55;Поступило дилеру
1808;2022-12-13;9;Д8;32;Отдано покупателю
1809;2022-12-14;64;Д6;29;Отдано покупателю
1810;2022-12-15;8;Д7;58;Отдано покупателю
1811;2022-12-16;51;Д15;26;Поступило дилеру
1812;2022-12-17;33;Д16;52;Поступило дилеру
1813;2022-12-18;64;Д4;46;Отдано покупателю
1814;2022-12-19;35;Д10;60;Поступило дилеру
1815;2022-12-20;13;Д3;23;Отдано покупателю
1816;2022-12-21;33;Д3;35;Отдано покупателю
1817;2022-12-22;32;Д5;50;Поступило дилеру
1818;2022-12-23;18;Д16;36;Поступило дилеру
1819;2022-12-24;3;Д15;26;Поступило дилеру
1820;2022-12-25;41;Д2;4;Отдано покупателю
1821;2022-12-26;9;Д1;59;Отдано покупателю
1822;2022-12-27;37;Д6;16;Поступило дилеру
1823;2022-12-28;50;Д9;33;Поступило дилеру
1824;2022-12-29;46;Д12;52;Поступило дилеру
1825;2022-12-30;41;Д4;35;Отдано покупателю
1826;2022-12-31;36;Д8;22;Поступило дилеру
